id,domain,status,purchase_price,renewal_price,attractiveness,demand,length,registrar,created_at,expires_at,status_verified_at
4b6c33b3-e0c9-47b7-8aa1-72df46fd4450,footed.cricket,available,23.59,23.59,high,low,6,namesilo,,,18/08/2026 10:43
84da5bd5-a060-4194-bce8-9ac63e732c76,chemist.cricket,available,23.59,23.59,high,low,7,namesilo,,,19/09/2026 19:39
dc9ae897-32a7-4050-9a85-2b4257cf8cc7,blackcap.cricket,available,23.59,23.59,medium,low,8,namesilo,,,23/09/2026 23:42
152033b5-762f-4d28-b02a-0beae2bc4ae5,arabis.cricket,available,23.59,23.59,medium,low,6,namesilo,,,19/09/2026 23:33
50e1ada1-eabe-4d6f-b06a-be1f4826d72d,lizard.cricket,premium,437.5,,high,low,6,name.com,,,
bdbfab06-f91f-46e5-987b-76e61ec9e8d9,mechanic.cricket,available,23.59,23.59,high,low,8,namesilo,,,25/09/2026 18:40
06df1f88-c1fd-4bcb-a660-e434e3e63441,basilar.cricket,available,23.59,23.59,medium,low,7,namesilo,,,08/08/2026 22:16
9f335bb8-f3f4-4707-a1df-62f234e0d519,shave.cricket,available,23.59,23.59,high,low,5,namesilo,,,08/09/2026 20:41
47f2153f-dd8d-48e6-8802-b6b2b64e226b,reply.cricket,premium,437.5,,high,low,5,name.com,,,
681584a3-f8bb-4a2e-b4e2-d39cdb49524e,kit.cricket,premium,6250,,high,low,3,name.com,,,
1650c15f-c296-439e-94ac-59ec575b031c,riding.cricket,available,23.59,23.59,high,low,6,namesilo,,,
695a735a-7a8c-440f-8be6-6d3094699cf4,selection.cricket,premium,437.5,62.5,high,low,9,name.com,,,12/08/2026 06:37
6f4c99ed-b402-4fd9-ae39-de1558802b1f,cybernetic.cricket,premium,455,65,high,low,10,namecheap,,,19/09/2026 11:38
242687b3-e9b7-45f0-acf1-2f3e7a67fad7,overlooked.cricket,available,25.98,31.98,high,low,10,namecheap,,,04/09/2026 21:04
334a32a9-b316-464a-bb2b-e22865a1c9ba,biometry.cricket,available,25.98,31.98,high,low,8,namecheap,,,23/09/2026 18:35
4b946cc0-4160-400c-99ec-a9c132aafe73,rely.cricket,premium,437.5,,high,low,4,name.com,,,
9a8b3b00-3670-4a01-be32-1b73c2248b87,disgrace.cricket,available,23.59,23.59,high,low,8,namesilo,,,
4958f6ad-a924-4f3a-8b18-ce63e9137111,arithmancy.cricket,available,23.59,23.59,medium,low,10,namesilo,,,20/09/2026 06:00
1ba526d9-d88f-4b4f-a555-6fba58d5c84e,aerobe.cricket,available,23.59,23.59,medium,low,6,namesilo,,,17/09/2026 12:54
4896508c-b1a7-425f-ab46-d8e9036417a5,unwavering.cricket,available,23.59,23.59,high,low,10,namesilo,,,18/08/2026 05:12
9275b96c-4a39-4c44-957c-fa6a0c872fc8,strand.cricket,premium,437.5,62.5,high,low,6,name.com,,,24/08/2026 16:26
8dbfd013-cbf6-4a1f-b262-4ada11f16f91,compute.cricket,available,23.59,23.59,high,low,7,namesilo,,,19/09/2026 14:03
f80a1718-8d00-4e53-b292-e909e17937e8,ivy.cricket,premium,437.5,,high,low,3,name.com,,,
712950e3-b97f-4b60-b7d5-2058bf6ae5f0,whoreson.cricket,available,23.59,23.59,low,low,8,namesilo,,,08/08/2026 23:43
83f38ee8-1cd6-4139-b177-fe7868d486fd,sumbody.cricket,available,23.59,23.59,low,low,7,namesilo,,,
cfe0d2f4-b258-4f94-a9c9-9a30d5e04b9e,slam.cricket,premium,437.5,,high,low,4,name.com,,,
72eb59d5-f42a-4866-917c-634f914e5928,bulbous.cricket,available,23.59,23.59,medium,low,7,namesilo,,,09/08/2026 13:39
791c3bac-528e-4df5-b939-0c04e2560510,fragrant.cricket,premium,437.5,62.5,high,low,8,name.com,,,18/08/2026 14:03
bb869a4d-29ee-4fb2-ac6a-347f2a1f7033,disabling.cricket,available,23.59,23.59,medium,low,9,namesilo,,,13/08/2026 07:09
6e966d2d-287b-484c-b33b-9ec525a682fa,loyal.cricket,premium,448,53.92,high,low,5,namesilo,,,25/09/2026 15:30
dd1905a4-e3f5-47f9-ad30-7fe09eba211d,amber.cricket,premium,448,53.92,high,low,5,namesilo,,,22/09/2026 03:52
7f060a98-df07-4dc4-959c-9073cf558bb4,tao.cricket,premium,437.5,62.5,high,low,3,name.com,,,11/09/2026 08:13
e29fab93-7201-47cb-ba66-08f2eab58831,biped.cricket,premium,437.5,62.5,high,low,5,name.com,,,10/08/2026 05:14
8fd5c0bc-5cd1-46e2-bfda-d5d855f64aa9,delimited.cricket,available,23.59,23.59,medium,low,9,namesilo,,,10/08/2026 21:54
22baf769-73bb-409f-9356-3eacff365fe6,confusion.cricket,available,23.59,23.59,high,low,9,namesilo,,,
af105a77-5fd1-4c5c-83f0-5288011f1e87,adios.cricket,premium,437.5,,high,low,5,name.com,,,
2370bbf7-4877-405b-9778-f4264af55937,delicacy.cricket,premium,437.5,62.5,high,low,8,name.com,,,13/08/2026 15:51
81701c29-7d59-4c6f-99cf-af64a7a21232,exhaust.cricket,premium,437.5,,high,low,7,name.com,,,
968231aa-e06b-4445-aa56-b7815d16b1bd,veinal.cricket,available,23.59,23.59,low,low,6,namesilo,,,13/09/2026 01:51
1f507146-c23d-4956-923a-df4411e0ac62,oaten.cricket,available,23.59,23.59,medium,low,5,namesilo,,,03/09/2026 23:28
63aa8bf8-01ab-47e9-82ac-28242bbf7f75,hays.cricket,premium,448,53.92,medium,low,4,namesilo,,,20/09/2026 10:51
c5d92162-46d3-491d-8a8e-4c7b170f442c,their.cricket,available,,,high,low,5,,,,
03561a85-7d7c-471e-b986-1e327d1af156,hyaloid.cricket,available,23.59,23.59,medium,low,7,namesilo,,,21/08/2026 16:08
bc46d96f-1998-4164-91aa-c40c87bf716b,pasta.cricket,available,23.59,23.59,high,low,5,namesilo,,,
64f12e32-8c6a-4b29-9d6e-121bbeca17aa,puts.cricket,available,23.59,23.59,medium,low,4,namesilo,,,18/09/2026 14:17
59963baa-f0fc-4f0a-949c-15a9867e2d25,aglet.cricket,available,25.98,31.98,medium,low,5,namecheap,,,17/09/2026 18:21
1dfb2de9-eb29-4ff4-801b-ed6076c56152,philippi.cricket,premium,448,53.92,medium,low,8,namesilo,,,22/09/2026 15:38
50493a8f-7c3c-4e1c-b3fb-ac072ef55d08,pulls.cricket,available,23.59,23.59,medium,low,5,namesilo,,,16/09/2026 23:15
9c70d891-830b-4183-977d-c5d0b81d94a6,bloody.cricket,premium,6900,116,high,low,6,namesilo,,,22/09/2026 00:33
165bd55c-90d1-4fa1-a04a-0616770e3be3,visualise.cricket,available,23.59,23.59,high,low,9,namesilo,,,24/09/2026 16:40
c758a17f-85da-4a46-a8a8-dfa7b72203bc,flammable.cricket,premium,437.5,62.5,high,low,9,name.com,,,18/08/2026 06:32
d905cfee-ce5c-476a-b1d4-e58c9b8e04ce,christly.cricket,available,23.59,23.59,high,low,8,namesilo,,,12/08/2026 07:21
214644ee-b99d-4d2f-bd6a-3a26abf8cb3e,retiring.cricket,available,31.98,,high,low,8,namecheap,,,
ca53a902-2c9a-4549-8446-e85a999cf1df,dissociate.cricket,available,23.59,23.59,medium,low,10,namesilo,,,14/08/2026 11:11
a4d4b260-dd92-4be8-8c7b-a416387fb64e,koranic.cricket,available,23.59,23.59,medium,low,7,namesilo,,,22/08/2026 16:59
199cfa68-475e-4fde-9721-44f5a203c7a2,anomia.cricket,premium,448,53.92,medium,low,6,namesilo,,,18/09/2026 22:21
e5f5905b-847c-48cc-b61d-8e987a21187d,achiever.cricket,premium,437.5,,high,low,8,name.com,,,
436d80a6-f11e-453c-b46b-e95f146ea246,transpolar.cricket,available,25.98,31.98,medium,low,10,namecheap,,,11/09/2026 18:57
7d31b4fb-7034-445e-9227-d678baf7801a,fosamax.cricket,premium,448,53.92,medium,low,7,namesilo,,,18/09/2026 05:11
fcd8ed65-b004-438e-a764-f9d4cf07d0ca,earthen.cricket,premium,437.5,62.5,high,low,7,name.com,,,14/08/2026 22:38
47db68db-e670-4978-8d87-df11eae15159,aster.cricket,premium,448,53.92,high,low,5,namesilo,,,20/09/2026 16:56
67773da7-5289-45b6-a117-55f2947f297e,wizened.cricket,available,23.59,23.59,high,medium,7,namesilo,,,10/09/2026 07:00
e3b1b5f1-abbc-42c7-8b1a-a1a98e4debe7,samarium.cricket,available,23.59,23.59,medium,low,8,namesilo,,,20/09/2026 23:24
b21f2367-4c6f-49ca-a7e0-48745ae8e2d8,chicago.cricket,premium,1107,116,high,low,7,namesilo,,,24/09/2026 14:26
87009ceb-0953-4cdc-bd93-89430f2220d8,narrowly.cricket,available,23.59,23.59,medium,low,8,namesilo,,,15/09/2026 16:08
7f092cc8-f15a-43b5-8439-ca96b0705aa9,nacreous.cricket,available,23.59,23.59,medium,low,8,namesilo,,,03/09/2026 12:37
2b3c702b-1795-4b72-adc1-4a0f1cb74461,nonmetric.cricket,available,25.98,31.98,medium,low,10,namecheap,,,03/09/2026 18:30
9d91d520-461f-488f-b280-62059bfa8a11,regret.cricket,premium,437.5,,high,low,6,name.com,,,
64d6a5fb-546d-4501-8165-c6e123147d39,exonerated.cricket,available,23.59,23.59,high,low,10,namesilo,,,
3709ad94-9cde-4ed6-b7aa-1cbccde5351e,bali.cricket,available,23.59,23.59,high,medium,4,namesilo,,,
1d286cd7-a572-4a58-8916-452b1444fda8,climatic.cricket,premium,437.5,62.5,high,low,8,name.com,,,12/08/2026 10:57
b1c839fc-1945-4328-a25c-4166817d1e25,hackneyed.cricket,available,23.59,23.59,medium,low,9,namesilo,,,08/08/2026 10:56
e14aee88-b002-4432-afdf-2149d68b681a,capsule.cricket,premium,437.5,62.5,high,low,7,name.com,,,11/08/2026 18:13
80a20309-d861-4e9a-956e-e61e08b1b68c,outflank.cricket,available,23.59,23.59,medium,low,8,namesilo,,,09/08/2026 17:48
9ed7a4b8-fa7b-4f1b-9615-d891e6681aa8,desire.cricket,premium,455,65,high,low,6,namecheap,,,19/09/2026 18:10
caff64f9-5729-498c-ba33-7c2616e8bcaa,picking.cricket,available,25.98,31.98,high,low,7,namecheap,,,25/09/2026 09:58
d914e8dd-37ca-451c-a55e-a351d76e5094,zig.cricket,premium,448,53.92,high,low,3,namesilo,,,13/09/2026 15:15
bda21c01-ac42-4bb4-907b-85849a440c48,statewide.cricket,available,25.98,31.98,high,low,9,namecheap,,,10/09/2026 19:10
d25aa558-d975-4533-ae83-3d33b6abba34,ringer.cricket,premium,448,53.92,high,low,6,namesilo,,,23/09/2026 05:42
c7568556-ae21-4d5c-8226-f1adf70d29ee,oengus.cricket,available,23.59,23.59,medium,low,6,namesilo,,,17/09/2026 12:31
addddd18-0117-42b8-a2d6-eeb56ee52730,just.cricket,premium,6900,116,high,medium,4,namesilo,,,24/09/2026 14:47
02b71c37-9c8f-4b4c-a83a-540bb7ade0a6,arouse.cricket,premium,437.5,62.5,high,low,6,name.com,,,07/08/2026 23:59
33a4cbc7-156d-4382-ba9e-a7d139601514,squeezable.cricket,available,23.59,23.59,medium,low,10,namesilo,,,10/09/2026 17:41
0e6537bb-2ad5-4af9-9c7f-5e4bfa8bd253,parhelic.cricket,available,23.59,23.59,medium,low,8,namesilo,,,08/09/2026 01:31
57d42937-bdab-4c47-aa7f-3a8a075901f3,accede.cricket,premium,455,65,high,low,6,namecheap,,,20/09/2026 16:11
86b9fa7a-6b7e-4dd5-865b-7146841c5a6c,elegant.cricket,premium,448,53.92,high,low,7,namesilo,,,24/09/2026 13:48
34a87c4d-0a9b-4a8e-96b8-ef4d236dd53a,dentate.cricket,available,23.59,23.59,medium,low,7,namesilo,,,14/08/2026 01:57
4773e268-1f93-4501-a847-0b60e27f5643,permeable.cricket,available,23.59,23.59,high,low,9,namesilo,,,08/09/2026 17:36
dbb2fe13-f3a9-4bbf-a9cc-310c77b5dcb7,mbd.cricket,premium,455,65,medium,low,3,namecheap,,,17/09/2026 06:35
e078ee6e-0f91-4a42-827c-c7b10176a8c3,pans.cricket,premium,448,53.92,medium,low,4,namesilo,,,18/09/2026 08:22
cb1ae9f4-b7a7-4bc8-b672-212d39d337ad,dawson.cricket,premium,437.5,62.5,high,low,6,name.com,,,25/09/2026 04:48
025973c1-b74e-4fdf-9e93-6d64349b17ff,entangle.cricket,available,23.59,23.59,high,low,8,namesilo,,,24/08/2026 16:54
add628ac-523b-473b-b594-e7679b4ebe09,symphonic.cricket,premium,448,53.92,high,low,9,namesilo,,,11/09/2026 06:07
18b811d3-b440-476d-b500-0333b6baf4c5,proponent.cricket,premium,448,53.92,high,low,9,namesilo,,,17/09/2026 11:45
62401dad-be3a-479b-9018-62546c520ff4,introspection.cricket,premium,448,53.92,high,low,13,namesilo,,,17/09/2026 06:54
b8c4c177-f524-490d-84b0-332baba6d550,leering.cricket,available,23.59,23.59,medium,low,7,namesilo,,,25/09/2026 05:58
6496b738-5650-4508-a98b-8b8e83edb64e,come.cricket,premium,437.5,,high,low,4,name.com,,,
65ce9352-37b8-4ae1-85f8-09913172d84a,endermatic.cricket,available,23.59,23.59,medium,low,10,namesilo,,,17/08/2026 00:58
55da8ba0-6313-488c-b9a6-2bceba778866,atilt.cricket,available,23.59,23.59,medium,low,5,namesilo,,,07/08/2026 13:13
1a2ee89d-74fe-4b8f-a383-c50f92d237e8,perchance.cricket,available,23.59,23.59,medium,low,9,namesilo,,,14/09/2026 02:12
f18b686c-02aa-4ed7-aef5-4e8b7309e253,untired.cricket,available,25.98,31.98,medium,low,7,namecheap,,,12/09/2026 21:29
6f628b0f-1874-4bdc-a6b0-a1e5d7b17711,affray.cricket,available,23.59,23.59,medium,low,6,namesilo,,,17/09/2026 14:43
e1f9b020-884d-43c6-912d-bc66c42becaf,aide.cricket,available,23.59,23.59,high,low,4,namesilo,,,22/09/2026 14:20
cfddb933-8ac2-448a-b95b-ffd051a33d1a,areal.cricket,premium,437.5,62.5,medium,low,5,name.com,,,06/08/2026 17:21
5fb861d2-cefe-4665-b3ec-659f4f75d2ca,boney.cricket,available,23.59,23.59,medium,low,5,namesilo,,,10/08/2026 18:44
881e5e83-d11b-444e-a777-67bef9624db2,backslash.cricket,premium,437.5,,high,low,9,name.com,,,
65f5d825-f091-44d5-b144-2c49df0f20ab,astrantia.cricket,available,23.59,23.59,medium,low,9,namesilo,,,20/09/2026 17:32
6f45b08c-4dbc-43d0-b149-1537146aa522,bakshis.cricket,available,23.59,23.59,medium,low,7,namesilo,,,21/09/2026 15:54
a1c68670-431e-44fe-96e9-d41df63df526,session.cricket,premium,6250,,high,low,7,name.com,,,
0f62937c-b955-4191-8e3c-b0994746433f,retraction.cricket,available,25.98,31.98,high,low,10,namecheap,,,16/09/2026 15:59
e17dbde0-0b95-4658-b842-b5b453d0f6c6,depression.cricket,available,23.59,23.59,medium,low,10,namesilo,,,25/09/2026 14:31
77733aee-a3f5-492a-b80b-90424530baca,heartburn.cricket,available,23.59,23.59,medium,low,9,namesilo,,,
cc6c5892-0cc1-4430-8cde-f24f166f04c7,absorb.cricket,premium,455,65,high,low,6,namecheap,,,10/09/2026 19:56
8c8dc45c-e14c-4fea-83ca-8bcd96913c5f,rather.cricket,premium,437.5,,high,low,6,name.com,,,
0cc7e8b9-2d4d-49c2-ad29-647fa15fcadb,ulterior.cricket,available,23.59,23.59,medium,low,8,namesilo,,,22/08/2026 20:32
3720b897-3608-40b4-b86f-53f46f4e42ac,overs.cricket,available,25.98,31.98,high,low,5,namecheap,,,20/09/2026 10:07
ae31c5b6-7292-4539-8f91-3d4922743d4d,acclaim.cricket,premium,448,53.92,high,low,7,namesilo,,,16/09/2026 22:32
6283c2e7-0771-4fac-ae81-e4fd99c4efb5,respected.cricket,available,23.59,23.59,high,low,9,namesilo,,,
2b97dc96-955d-4ef7-b860-a450adfc8fc0,forego.cricket,premium,437.5,62.5,high,low,6,name.com,,,18/08/2026 11:52
19d79213-40cc-48e5-a439-81a54e1b93a7,darkened.cricket,available,34.99,37.99,medium,low,8,name.com,,,13/08/2026 18:08
55800ae0-f7ef-4ef6-a855-e9bb2d3792d3,atreus.cricket,premium,448,53.92,medium,low,6,namesilo,,,21/09/2026 00:43
012b2996-a17a-4219-bf22-4b864516eb20,disputed.cricket,available,23.59,23.59,medium,low,8,namesilo,,,14/08/2026 12:12
63cdaf13-cce7-403a-92e1-b46c77227003,bleeding.cricket,available,23.59,23.59,high,low,8,namesilo,,,24/09/2026 05:28
ccadcfdc-ae69-4ae4-8398-07517cc6f98d,rimless.cricket,premium,448,53.92,medium,low,7,namesilo,,,09/09/2026 17:43
cda1996e-58f6-4c29-a226-d5302d7e4e32,fascinate.cricket,premium,437.5,,high,low,9,name.com,,,
d03b040b-8296-4295-8860-ad1291111cf9,gamba.cricket,premium,448,53.92,medium,low,5,namesilo,,,22/09/2026 11:54
11d5d7cf-29ff-4e7c-a766-bbfeaa0be252,near.cricket,premium,116,29.5,high,low,4,namesilo,,,23/09/2026 13:54
dfafac6c-3366-4f0e-8bce-862c6c07b5a4,albatross.cricket,premium,448,53.92,high,low,9,namesilo,,,18/09/2026 02:28
de02c731-c3be-4de2-bed3-92fb2c1df6e9,unearned.cricket,available,23.59,23.59,medium,low,8,namesilo,,,12/09/2026 08:43
9f253e3d-62f0-4232-9882-d4277cda40de,attlee.cricket,available,23.59,23.59,medium,low,6,namesilo,,,16/09/2026 12:16
f5d24395-3817-4d8d-9a89-c178b3b7ce54,senseless.cricket,premium,455,65,medium,low,9,namecheap,,,03/09/2026 17:48
50ed187e-4682-41c7-b651-c73c87e7abbd,taped.cricket,premium,437.5,62.5,high,low,5,name.com,,,11/09/2026 08:15
151a2051-cdca-4368-8d79-e31e158f5475,bite.cricket,premium,116,29.5,high,low,4,namesilo,,,08/09/2026 13:01
cdda6ec1-4c52-4218-b831-8981b220460c,leggy.cricket,premium,437.5,62.5,high,low,5,name.com,,,22/08/2026 22:57
199b6d92-56ab-42db-b52c-aacccdb9f46d,waterborne.cricket,premium,448,53.92,medium,low,10,namesilo,,,13/09/2026 08:36
e000810d-4958-4601-b185-bc05cb4f9313,camus.cricket,premium,448,53.92,high,low,5,namesilo,,,18/09/2026 02:38
6975f27d-0dab-45af-aef0-cf09e9e712c2,tutelar.cricket,available,25.98,31.98,high,low,7,namecheap,,,13/08/2026 12:23
22e172f9-f839-4dc4-a8fb-2a61c0b62de6,gracefully.cricket,available,23.59,23.59,high,low,10,namesilo,,,14/09/2026 21:54
cf8214e3-ae1b-49de-a9e4-55285c1131bf,barbara.cricket,premium,448,53.92,high,low,7,namesilo,,,25/09/2026 11:55
54e252ba-de62-4861-824c-b6c3293fa03b,horrid.cricket,available,23.59,23.59,medium,low,6,namesilo,,,21/08/2026 08:14
c328d744-ff31-42f7-a4cc-a2275855b626,proceed.cricket,premium,437.5,,high,low,7,name.com,,,
68fdd1e6-3c14-4787-8640-7fd2d2835e23,christian.cricket,premium,3450,116,high,medium,9,namesilo,,,23/09/2026 14:35
2b1fc6f3-b78b-4875-a94e-e7c155d70ca9,quelled.cricket,available,23.59,23.59,medium,low,7,namesilo,,,09/09/2026 08:24
97f759a2-14b8-45bf-bdce-a010f92c6e31,deluxe.cricket,premium,437.5,62.5,high,low,6,name.com,,,13/08/2026 19:11
b5cc0630-8dfb-44e8-acce-d1bba8fe5458,sobeit.cricket,available,23.59,23.59,low,low,8,namesilo,,,16/09/2026 13:51
9cbea3f1-5b46-477b-b1c9-eeaa9bcca3a6,sorely.cricket,available,23.59,23.59,medium,low,6,namesilo,,,16/09/2026 05:13
d186edf4-5466-435e-ae0b-617a601cedd7,sucked.cricket,available,23.59,23.59,medium,low,6,namesilo,,,18/09/2026 04:29
28a430ab-b1fc-4668-af46-ad0f3a72196c,centrical.cricket,premium,437.5,62.5,medium,low,9,name.com,,,12/08/2026 00:12
abbd146f-9df6-47c7-a4dc-35d8dbac7103,matthew.cricket,available,25.98,31.98,high,low,7,namecheap,,,25/09/2026 06:38
722fe369-61de-430b-93f5-69e51029f3e4,dashed.cricket,available,34.99,37.99,medium,low,6,name.com,,,13/08/2026 18:27
a304757c-c98b-4f91-bd4b-27e875150e22,superb.cricket,premium,455,65,high,low,6,namecheap,,,23/09/2026 09:28
631dac7a-0c5d-4808-a883-c034b39d533d,whirring.cricket,available,23.59,23.59,medium,low,8,namesilo,,,13/09/2026 11:28
c8ed77e4-b169-471a-8d96-201a31b16906,rabid.cricket,premium,437.5,62.5,high,low,5,name.com,,,17/08/2026 21:52
5b991f6c-6a22-4cb1-865b-0912db89ba5d,asparagine.cricket,available,23.59,23.59,medium,low,10,namesilo,,,20/09/2026 14:39
46c02e35-7734-4680-8f91-1890dfad43e7,unassisted.cricket,available,23.59,23.59,high,medium,10,namesilo,,,10/09/2026 08:26
b6f3e995-d811-49b0-8c2b-4aa06ba9eebb,baseboard.cricket,premium,455,65,medium,low,9,namecheap,,,22/09/2026 10:08
56ea149c-05af-4f8a-8c7a-e5ae57b7b4e0,colorless.cricket,available,25.98,31.98,medium,low,9,namecheap,,,12/08/2026 17:53
4e367e03-d5fa-43d2-a99f-e2b818064ae7,sabbatical.cricket,premium,455,65,high,low,10,namecheap,,,09/09/2026 20:30
157c6128-f225-47c3-89c7-158da2ccd171,favorably.cricket,available,25.98,31.98,high,low,9,namecheap,,,14/09/2026 18:00
623973d9-ee82-4510-a041-5ba9176c617b,molal.cricket,available,23.59,23.59,medium,low,5,namesilo,,,25/08/2026 03:31
b95ce4ea-1c04-434f-a365-269825a40a04,other.cricket,premium,1107,116,high,low,5,namesilo,,,26/09/2026 00:34
c2666cdb-139b-4a89-953a-60cad385bfd0,stained.cricket,available,25.98,31.98,medium,low,7,namecheap,,,10/09/2026 18:14
3913c217-5e6e-4c1e-9596-b8f4f5c0022e,continuous.cricket,premium,455,65,high,low,10,namecheap,,,23/09/2026 22:20
9e804b91-9a5a-4caf-8b98-50e6823b42e4,would.cricket,available,23.59,23.59,high,low,5,namesilo,,,
eff3b033-5c4d-497a-8677-01e758e3e95c,chaldea.cricket,premium,448,53.92,medium,low,7,namesilo,,,21/09/2026 13:52
a4c8ac7f-6b1b-48ca-a3a0-83060c95e4fd,stolen.cricket,premium,448,53.92,high,low,6,namesilo,,,26/09/2026 00:36
180995e6-a4df-42c7-a3b7-1a26e9509d55,reputedly.cricket,available,23.59,23.59,medium,low,9,namesilo,,,15/09/2026 23:20
858d08dd-d090-44d1-9f5e-f6a7b7683ccc,likable.cricket,available,23.59,23.59,high,low,7,namesilo,,,23/08/2026 06:14
0e06a638-9c74-42b4-8a25-d66fbf384f4c,amuck.cricket,available,23.59,23.59,medium,low,5,namesilo,,,
04e0d7cf-3138-43ee-976c-2acfc9d6d803,goodwin.cricket,premium,437.5,,high,low,7,name.com,,,
bf52449f-5af8-4f3c-8b75-4bc0b474f3d6,antique.cricket,premium,448,53.92,high,low,7,namesilo,,,21/09/2026 22:23
07c73243-5c82-43b9-9598-d7a962bcdac5,cupric.cricket,available,23.59,23.59,medium,low,6,namesilo,,,13/08/2026 10:49
778cf4ff-94de-4cab-adfc-467817702d91,hen.cricket,premium,448,53.92,high,low,3,namesilo,,,23/09/2026 13:44
aeefaa97-6229-4f7c-a2e7-7fc7f675fa21,hothead.cricket,premium,437.5,62.5,high,low,7,name.com,,,13/08/2026 17:45
5ebe2f02-f211-4bc7-bb57-d07aa4847336,unobserved.cricket,available,23.59,23.59,medium,low,10,namesilo,,,12/09/2026 16:04
afe8cacd-c0a3-43f7-8856-8173ab18ed1f,cube.cricket,premium,437.5,,high,medium,4,name.com,,,
ed65ca39-5fcb-4944-9a7e-06b858f5c192,boiling.cricket,available,23.59,23.59,high,low,7,namesilo,,,14/09/2026 00:51
3b2a0cb9-09c4-46fa-a474-4fe4418784a9,backlash.cricket,premium,455,65,high,low,8,namecheap,,,21/09/2026 15:29
4e5cf735-ad6e-42d7-a3fc-b07b0ea7491c,mueller.cricket,premium,448,53.92,high,low,7,namesilo,,,26/09/2026 03:22
4d475ca3-2d63-4d38-95f9-d0257298875d,licked.cricket,available,23.59,23.59,medium,low,6,namesilo,,,23/08/2026 01:00
9010a19b-42cd-48ba-84c4-bee4b0aa35b4,pyaemic.cricket,available,23.59,23.59,high,medium,7,namesilo,,,09/09/2026 06:49
be3cd795-e874-4c52-9d43-0933e416cdb4,troublous.cricket,available,23.59,23.59,low,low,9,namesilo,,,11/09/2026 20:27
e8573bf3-073f-4d95-96e8-abdb1752c8e4,mat.cricket,premium,437.5,62.5,high,low,3,name.com,,,08/09/2026 07:48
28e00fdf-0bb7-4f8d-bb4f-2a97a38424e9,reassuring.cricket,available,23.59,23.59,high,low,10,namesilo,,,09/09/2026 11:14
25d61d0c-f73f-4251-994c-481d45ff0c60,secret.cricket,premium,448,53.92,high,medium,6,namesilo,,,23/09/2026 14:41
b39090ee-7333-4166-837c-1104f46c2b22,parker.cricket,premium,455,65,high,low,6,namecheap,,,23/09/2026 20:21
fb911b8f-da80-4bba-9ad5-1259199f57b5,motive.cricket,premium,448,53.92,high,medium,6,namesilo,,,25/09/2026 21:54
051b61c4-dd9d-41d6-bd2c-5b8a677860cc,acolyte.cricket,premium,448,53.92,high,low,7,namesilo,,,17/09/2026 02:00
c8c37091-cb86-4d4b-96bd-de778290d0ec,declarer.cricket,available,34.99,37.99,high,low,8,name.com,,,17/09/2026 14:33
5b25c0a3-4559-4643-b871-ecc48b330e0c,daylight.cricket,premium,437.5,,high,low,8,name.com,,,
6b211016-ce09-4526-9e5f-8eff2c79e3c4,sits.cricket,premium,448,53.92,medium,low,4,namesilo,,,17/09/2026 03:03
269693ee-980c-4d2a-895e-a68362c62447,amsterdam.cricket,available,23.59,23.59,high,low,9,namesilo,,,19/09/2026 00:08
c0619c1c-3037-4de2-a272-16e7f4e493eb,prefatory.cricket,available,23.59,23.59,high,medium,9,namesilo,,,09/09/2026 01:35
7e51bc54-a900-4f9f-a59f-05dddb20fc79,justified.cricket,premium,448,53.92,high,low,9,namesilo,,,25/09/2026 12:26
17fe3ab1-392c-4720-a16b-c95773721e29,vacuum.cricket,premium,437.5,,high,low,6,name.com,,,
f3808b45-6364-400d-b233-cf4e285e5e40,nascent.cricket,premium,448,53.92,high,low,7,namesilo,,,03/09/2026 13:35
bad82f49-8466-472a-a1f8-313920ea702d,xxv.cricket,premium,640,77.35,high,low,3,namesilo,,,21/09/2026 12:45
22b84b84-6e55-4d0d-8be9-fb12d60a366d,orangutan.cricket,available,23.59,23.59,high,low,9,namesilo,,,
6f3a23b8-7b81-40fc-a916-4bba564e9a65,jobless.cricket,available,23.59,23.59,medium,low,7,namesilo,,,22/08/2026 13:32
221fafdf-3e16-479c-9799-e9946da431e1,northward.cricket,available,25.98,31.98,high,low,9,namecheap,,,03/09/2026 21:27
3202722e-9815-4ade-9830-f2d5f026cffc,consulate.cricket,premium,455,65,high,low,9,namecheap,,,24/09/2026 17:37
3801992f-e4f1-4878-98cf-8fc4db761fa6,estival.cricket,premium,437.5,62.5,medium,low,7,name.com,,,
3002935b-3c2e-44d4-8309-3ca202fbaba7,explanation.cricket,available,23.59,23.59,high,low,11,namesilo,,,
cc6a70c9-74f5-456d-bc73-6794aba52cc9,trex.cricket,premium,448,53.92,high,low,6,namesilo,,,18/09/2026 12:51
6b00955f-b975-462f-8e60-cb9860c4392b,honour.cricket,premium,455,65,high,low,6,namecheap,,,16/09/2026 22:47
00c653f2-79d3-4c16-b052-5683f9024a27,grandchildren.cricket,available,23.59,23.59,medium,low,13,namesilo,,,
2c244395-552a-4551-a643-01def3e42e18,squirrel.cricket,premium,437.5,,high,low,8,name.com,,,
2a0db532-48cb-4a3c-87a9-cc74ffc8a546,deftly.cricket,available,23.59,23.59,high,low,6,namesilo,,,14/09/2026 11:20
21b65711-cbdc-47a8-b288-d614d403a4dd,malone.cricket,premium,448,53.92,high,low,6,namesilo,,,25/09/2026 05:13
25f6b0e2-3595-487b-a318-86eda5814f31,shipping.cricket,available,23.59,23.59,high,low,8,namesilo,,,24/09/2026 02:37
fc049047-2951-4d0b-9e58-ea5d2f545ae6,oriental.cricket,premium,455,65,high,low,8,namecheap,,,04/09/2026 17:51
98be5626-b080-4827-adf8-205c973fb380,astilbe.cricket,available,25.98,31.98,medium,low,7,namecheap,,,20/09/2026 17:26
50c3aa84-9a55-4313-b99b-f0213627fae0,ropey.cricket,available,23.59,23.59,high,medium,5,namesilo,,,09/09/2026 18:38
2c2bb1fd-e8c1-41f3-b84f-0b4e71745edc,nationally.cricket,available,23.59,23.59,high,low,10,namesilo,,,03/09/2026 13:44
1e60a827-afe8-42a7-a7e7-308330b10ef3,antlia.cricket,available,23.59,23.59,medium,low,6,namesilo,,,19/09/2026 15:21
70bb54ee-9de3-421f-9362-160006e8605d,lists.cricket,available,23.59,23.59,medium,low,5,namesilo,,,17/09/2026 08:32
8a8f3af5-3147-4141-8986-1e0bea0925e2,mahan.cricket,available,25.98,31.98,high,low,5,namecheap,,,18/09/2026 06:45
42ad10f3-1762-4894-a8cc-2119968019e6,exulting.cricket,available,25.98,31.98,high,low,8,namecheap,,,17/08/2026 19:44
b68218d1-ff8b-4795-9c4b-acddba543093,unspaced.cricket,available,25.98,31.98,low,low,8,namecheap,,,12/09/2026 20:24
9857725a-915b-4570-8876-75f8ca1bf2eb,glue.cricket,premium,437.5,,high,low,4,name.com,,,
20463e0a-8d4d-4ca5-bb39-9987ade408bf,aboulia.cricket,available,25.98,31.98,medium,low,7,namecheap,,,16/09/2026 16:42
d33ddc42-bf82-4438-bdc0-f6d94ca4f701,removed.cricket,available,23.59,23.59,high,low,7,namesilo,,,26/09/2026 00:50
2dfb5da8-c271-4caa-85dc-bd3f15c31644,endovenous.cricket,available,23.59,23.59,medium,low,10,namesilo,,,17/08/2026 01:21
30dedc78-9b93-4e38-bea4-9ff7173fd12b,barilla.cricket,premium,448,53.92,high,medium,7,namesilo,,,22/09/2026 05:52
85440e1c-5bb8-4493-abaa-796cd5510e07,vandyke.cricket,available,23.59,23.59,medium,low,7,namesilo,,,19/09/2026 13:44
88a1a542-e2d5-4b66-88ac-4c8551f020dd,fond.cricket,premium,455,65,high,low,4,namecheap,,,21/09/2026 21:45
93604bda-debf-426f-b949-af5660b0c96f,newcomer.cricket,premium,437.5,62.5,high,low,8,name.com,,,18/08/2026 07:31
e3b6db8e-c6eb-46fb-b47d-d777e923d7ba,shipshape.cricket,premium,448,53.92,high,medium,9,namesilo,,,10/09/2026 06:36
2d0914e6-dc4c-44f2-b0d6-d0705533c2b4,offbeat.cricket,premium,437.5,62.5,high,low,7,name.com,,,17/08/2026 22:21
2451f26c-23f1-47a4-b718-23e816c9afc2,outwear.cricket,available,23.59,23.59,medium,low,7,namesilo,,,13/09/2026 09:15
65ebf12e-3dc2-46df-9a30-2efc61f45308,rat.cricket,premium,437.5,62.5,high,low,3,name.com,,,11/08/2026 09:11
8f68f064-a227-40f6-9a97-c5c084140f16,mistakenly.cricket,available,23.59,23.59,medium,low,10,namesilo,,,14/09/2026 16:00
61c911a2-863a-445c-80b3-c2076b75ec76,clipboard.cricket,premium,448,53.92,high,low,9,namesilo,,,24/09/2026 15:44
11ae4cec-0632-4b34-a8b5-e8c9a8c0a152,trenton.cricket,premium,448,53.92,high,low,7,namesilo,,,24/09/2026 12:19
c6d86607-3ac4-4d6d-98a2-f2b9c7d5e03b,beaver.cricket,premium,437.5,62.5,high,low,6,name.com,,,22/09/2026 22:29
56b068fe-4bb7-4565-9c5d-434a6ffdd555,salable.cricket,available,25.98,31.98,high,medium,7,namecheap,,,09/09/2026 20:50
d062a482-6a5a-483c-a0cf-0def4c422fbe,homing.cricket,premium,437.5,62.5,medium,low,6,name.com,,,21/08/2026 12:35
a89975a8-6276-4208-b862-29ddcb65994d,rustless.cricket,available,25.98,31.98,medium,low,8,namecheap,,,09/09/2026 20:19
05f4f04e-b83a-4f8f-ae48-480aa4c6c9da,deafened.cricket,available,34.99,37.99,medium,low,8,name.com,,,13/08/2026 19:52
8c2c2e10-649d-478d-a253-327b63b8d625,touchable.cricket,available,23.59,23.59,high,low,9,namesilo,,,11/09/2026 07:57
cc169973-7f21-49f8-9789-d41105d91938,bayard.cricket,premium,455,65,medium,low,6,namecheap,,,22/09/2026 17:54
bab066a5-137b-464b-a37e-09f90a455fc8,wraps.cricket,premium,455,65,medium,low,5,namecheap,,,20/09/2026 11:16
37ffab63-55fc-44cc-852c-3ed9ed42a4be,tramway.cricket,premium,448,53.92,high,low,7,namesilo,,,17/09/2026 12:48
5cb76279-7e63-45f0-9b3f-cf2c14d527ae,iconic.cricket,premium,448,53.92,high,medium,6,namesilo,,,25/09/2026 07:12
9f42d089-313e-438d-848d-a5a9956c562c,scant.cricket,available,23.59,23.59,medium,low,5,namesilo,,,09/09/2026 22:36
21a395b7-ee79-4759-9cac-225a2c31a683,methodical.cricket,available,23.59,23.59,high,low,10,namesilo,,,24/08/2026 21:56
64e85944-a91c-4be1-a3d0-31e14b57f828,furry.cricket,available,25.98,31.98,high,medium,5,namecheap,,,18/08/2026 18:53
1b8b6c1b-e764-4d4b-b03e-f8ce5e30d726,unhatched.cricket,available,23.59,23.59,medium,low,9,namesilo,,,12/09/2026 12:05
f63655d9-d731-4d31-abd9-5d08fce0622e,ransacked.cricket,available,23.59,23.59,medium,low,9,namesilo,,,24/08/2026 09:49
bc4fd7c1-b181-42b5-b5fc-03ab0e871df4,felon.cricket,premium,437.5,62.5,high,low,5,name.com,,,13/08/2026 06:25
cb72fa0b-fa50-48ec-91df-c4fda05fe914,buff.cricket,premium,437.5,62.5,high,low,4,name.com,,,11/08/2026 07:48
3e564f3b-e9cc-48fb-b594-b26d0dc843a0,bequest.cricket,premium,448,53.92,high,low,7,namesilo,,,23/09/2026 09:04
8f936f4e-98ca-4e9c-b8fc-3b554878f555,candy.cricket,premium,448,53.92,high,medium,5,namesilo,,,25/09/2026 22:17
93154e9b-3f2a-431e-8123-f441be83ebe8,martian.cricket,premium,437.5,62.5,high,low,7,name.com,,,24/08/2026 16:37
1625cc73-0db5-44be-a25b-04e895e5f3d2,airdock.cricket,premium,448,53.92,medium,low,7,namesilo,,,17/09/2026 23:04
c6954e0f-b8e9-4932-83cb-1680dead3775,ticking.cricket,available,31.98,,high,low,7,namecheap,,,
1b94c95f-afc3-4809-8f32-4524276d8be2,spicate.cricket,available,23.59,23.59,high,medium,7,namesilo,,,10/09/2026 15:34
609a420a-c512-4620-9bf3-1b91b385a964,baldachin.cricket,available,25.98,31.98,medium,low,9,namecheap,,,21/09/2026 21:30
20f46c17-6984-4aac-825e-6f53d767b568,willingness.cricket,available,23.59,23.59,high,low,11,namesilo,,,
b719dd88-ed45-4b92-b72a-de91fd3b053e,disruption.cricket,premium,448,53.92,high,low,10,namesilo,,,24/09/2026 16:35
c290e996-5e1f-4f1d-9e08-0809896962de,zygomatic.cricket,available,23.59,23.59,high,low,9,namesilo,,,13/09/2026 15:39
9b7a4fc9-bb4b-4c3c-983e-544a64b9e950,booming.cricket,premium,437.5,62.5,high,low,7,name.com,,,10/08/2026 19:14
def2f227-b202-4fbd-8a52-dd18c1cca5b2,cruel.cricket,premium,448,53.92,high,low,5,namesilo,,,22/09/2026 17:21
cb31b0f2-1d9a-428d-bfa9-8466ca078661,disappointed.cricket,available,23.59,23.59,medium,low,12,namesilo,,,
9c49cccc-cf5d-4d03-ae1c-0af6277e4d9b,adverbs.cricket,available,25.98,31.98,medium,low,7,namecheap,,,18/09/2026 21:42
e14e8615-fbe5-47a8-b46a-9703d62903d2,betterment.cricket,premium,455,65,high,low,10,namecheap,,,18/09/2026 18:20
a772cc5c-30c1-4812-a32c-3dc1cfb9fe65,mann.cricket,premium,448,53.92,high,low,4,namesilo,,,25/09/2026 07:33
e9e2d9c3-5ff6-4bce-96a9-470705acd14c,bagdad.cricket,premium,437.5,,medium,low,6,name.com,,,
18499984-6e74-4803-aec1-3c31c174d8c7,vapourish.cricket,available,23.59,23.59,medium,low,9,namesilo,,,13/09/2026 01:13
ae04b2c4-5e6b-4d91-ac03-55ac68e5216e,unreal.cricket,premium,448,53.92,high,low,6,namesilo,,,22/09/2026 09:00
1f8a0bc9-5fcd-4b71-84de-54743ebe653d,desired.cricket,available,23.59,23.59,high,low,7,namesilo,,,24/09/2026 00:57
aa416f78-5f2b-4836-8fc4-d5b40029fab0,superuser.cricket,premium,437.5,,high,low,9,name.com,,,
40b02b99-fd1d-4925-991c-6636bc082088,uub.cricket,premium,640,77.35,medium,low,3,namesilo,,,20/09/2026 22:14
e18ab905-14c7-4198-9170-ef605be1af64,summary.cricket,available,23.59,23.59,high,low,7,namesilo,,,23/09/2026 17:08
62b70c69-c5eb-4c4c-ac10-4cb027f0c010,probably.cricket,premium,448,53.92,high,low,8,namesilo,,,25/09/2026 13:48
72f7d1c2-4d8a-4cd6-8d64-281721be9ec4,maleficent.cricket,premium,437.5,62.5,medium,low,10,name.com,,,24/08/2026 13:58
67eab7e9-50e9-4d9c-be0d-e7544f015fea,already.cricket,available,23.59,23.59,high,low,7,namesilo,,,
daf189f8-449d-46f8-8642-fd2650d6e03a,fixation.cricket,premium,448,53.92,high,low,8,namesilo,,,20/09/2026 09:06
81f6fd07-8105-4122-8fc7-a7e482af360d,knobbly.cricket,available,23.59,23.59,medium,low,7,namesilo,,,22/08/2026 16:31
d5d37018-0927-4c22-a143-8936058e5a45,bone.cricket,premium,448,53.92,high,low,4,namesilo,,,22/09/2026 23:37
75bbeced-096f-4a1b-a9b9-8ddf2c227ad8,napped.cricket,available,23.59,23.59,medium,low,6,namesilo,,,18/08/2026 07:44
37f19db2-19f2-472a-b9bf-a78d60828e6b,retain.cricket,premium,437.5,,high,low,6,name.com,,,
fb23371e-1cc7-45bd-93be-3e138b0ecfe7,sere.cricket,premium,437.5,62.5,medium,low,4,name.com,,,14/08/2026 19:03
7fef53c4-2a14-46a6-9e43-bfb019461fdc,accounting.cricket,premium,448,53.92,high,low,10,namesilo,,,26/09/2026 03:06
09f63dc7-6ab8-4a42-b90f-5dd6df9b3920,tetchy.cricket,available,23.59,23.59,medium,low,6,namesilo,,,22/08/2026 10:31
9fbac0b2-ce87-4293-9d06-d90f566aba80,aliment.cricket,available,23.59,23.59,high,low,7,namesilo,,,18/09/2026 07:56
3c053421-3df0-44bb-a187-128a7018c3bc,antebellum.cricket,available,23.59,23.59,medium,low,10,namesilo,,,
a4601d76-5160-4aed-8015-96a2caa175bb,matted.cricket,available,23.59,23.59,medium,low,6,namesilo,,,24/08/2026 16:52
b16b1b27-6bb0-4f6f-acdc-1b9d1a3b658b,cretin.cricket,available,25.98,31.98,medium,low,6,namecheap,,,21/08/2026 20:26
ffd30c08-46b6-4941-860d-0ddae20aa81e,gaslit.cricket,available,23.59,23.59,medium,low,6,namesilo,,,17/09/2026 16:25
199f45cc-c885-43bf-8c5d-f0d7215c75f3,jelly.cricket,premium,437.5,,high,low,5,name.com,,,
ec42efdd-eed4-44b3-98f1-99f10f5ac5b2,lentils.cricket,available,23.59,23.59,medium,low,7,namesilo,,,21/09/2026 05:31
924ec18f-c91e-4dae-ac66-e909b3f42998,appreciate.cricket,premium,437.5,,high,low,10,name.com,,,
41e5aa17-b63f-4baa-8e9f-c7b71c521809,orca.cricket,premium,437.5,,high,medium,4,name.com,,,
4bb8b2f8-323f-4ec8-bf93-603e53dca125,atarax.cricket,premium,455,65,medium,low,6,namecheap,,,20/09/2026 19:30
3caf03a7-5317-4dd3-b08f-fcb298f56c30,footer.cricket,premium,448,53.92,high,low,6,namesilo,,,08/09/2026 12:38
2ac31b9d-30b0-43a1-8990-af4e3b1df33e,analogical.cricket,available,23.59,23.59,medium,low,10,namesilo,,,
00a383b8-7e7e-4121-acaa-21887c3f2d2b,maps.cricket,premium,437.5,62.5,high,low,4,name.com,,,
8aa20e36-3ffe-49e1-84a5-c9f64cc8e411,write.cricket,available,23.59,23.59,high,low,5,namesilo,,,
5f455be5-c671-4d75-b773-ceef433eeb0c,knot.cricket,premium,437.5,,high,low,4,name.com,,,
c9d085f2-92ba-433c-b7cc-d309aef2bf66,poetic.cricket,premium,448,53.92,high,low,6,namesilo,,,08/09/2026 22:33
f942053e-fc6d-4126-9192-eec149370b71,terminated.cricket,available,25.98,31.98,high,low,10,namecheap,,,19/09/2026 16:25
e01f2164-850f-49f5-a074-737930581d6e,automatic.cricket,premium,448,53.92,high,low,9,namesilo,,,22/09/2026 14:02
dc0a1e0e-f035-45d1-86c1-558aab3d7f00,cliquish.cricket,available,23.59,23.59,medium,low,8,namesilo,,,12/08/2026 11:17
dd0a68aa-b085-4db1-bdf4-0b9ad9b39e3a,berries.cricket,premium,448,53.92,high,low,7,namesilo,,,19/09/2026 15:37
ab189096-fe91-4454-8407-d03e45840773,badger.cricket,premium,448,53.92,high,low,6,namesilo,,,21/09/2026 17:01
4d524ac0-d31a-45c8-a694-a6ba7933a5ac,formidable.cricket,premium,437.5,62.5,high,low,10,name.com,,,18/08/2026 12:12
bf6a46a9-cae2-4784-aac7-f482acfdf79a,tamil.cricket,available,23.59,23.59,high,low,5,namesilo,,,11/09/2026 07:48
1f29179b-dd6c-4c0b-a9fb-fb8fcf743fbd,bangor.cricket,available,23.59,23.59,high,low,6,namesilo,,,22/09/2026 01:58
4c21b1c8-7cf6-467e-87bb-0b7c18c367c7,purely.cricket,premium,448,53.92,high,low,6,namesilo,,,15/09/2026 22:05
5a9c2db4-cd6b-43b6-bca3-12ba4413ae92,guitar.cricket,premium,437.5,,high,low,6,name.com,,,
09211276-61f5-46d9-b027-72ed5208e599,andalucia.cricket,available,23.59,23.59,high,low,9,namesilo,,,19/09/2026 03:58
b0375eb1-4190-4942-8b8b-9ae4b09a0e81,hans.cricket,premium,437.5,,high,low,4,name.com,,,
fcc293ea-cfd1-40ce-a9fd-4163158122a2,loves.cricket,available,25.98,31.98,high,low,5,namecheap,,,25/09/2026 18:55
6dd4720b-2cec-4dc5-bc95-34e38fe2e925,malamute.cricket,premium,455,65,high,low,8,namecheap,,,18/09/2026 02:06
54893670-1a70-4a19-bb0f-dae82505d66f,dromedary.cricket,premium,448,53.92,medium,low,9,namesilo,,,19/09/2026 23:32
a3eddb66-5e6b-442a-9a94-2add8cc1e739,cot.cricket,premium,437.5,,high,low,3,name.com,,,
c6ccb7f8-4eb8-443b-b2b4-5427a826a0b7,atrium.cricket,premium,455,65,high,low,6,namecheap,,,21/09/2026 00:47
6de13624-8fda-40f9-bc3a-25daf55a6e66,unturned.cricket,available,23.59,23.59,medium,low,8,namesilo,,,12/09/2026 21:54
ea875ebf-d2f6-4a8e-ac7d-b89d5b875c30,ruffled.cricket,premium,437.5,62.5,high,low,7,name.com,,,18/08/2026 15:53
6b3bb2b4-3485-4ba5-ab64-fa5e744d156c,brackish.cricket,premium,437.5,62.5,medium,low,8,name.com,,,11/08/2026 00:43
80f7fa48-368d-44bc-93cf-bb61e71ab8b2,generations.cricket,premium,455,65,medium,low,11,namecheap,,,17/09/2026 19:20
101ddded-cf96-4887-bd7a-98af17d3c0e5,pinging.cricket,available,23.59,23.59,medium,low,7,namesilo,,,
6aa16e13-01fd-4c65-8949-4842b6c763be,sphingine.cricket,available,23.59,23.59,high,medium,9,namesilo,,,10/09/2026 15:32
ff5159b2-924f-4f41-800f-7edfc25419ee,standard.cricket,premium,437.5,,high,medium,8,name.com,,,
7d4f341b-2899-4167-8074-49730e85aed9,tattletale.cricket,premium,448,53.92,medium,low,10,namesilo,,,11/09/2026 10:28
b7aecd6d-c1da-456b-bed2-90878774f221,alocasia.cricket,available,23.59,23.59,medium,low,8,namesilo,,,18/09/2026 12:56
7a448cb5-4c6f-44da-8a33-3bf42f92ad39,benne.cricket,available,25.98,31.98,medium,low,5,namecheap,,,23/09/2026 08:27
49dacf5b-a63d-478e-8ce8-a654be2e9114,reluctant.cricket,available,23.59,23.59,medium,low,9,namesilo,,,24/08/2026 08:21
657f474f-1d33-48a8-b02d-92890fb8dca6,neverending.cricket,premium,437.5,,high,low,12,name.com,,,
fa754246-9a99-4c28-b72c-ec08f62a918a,aditya.cricket,available,23.59,23.59,high,low,6,namesilo,,,17/09/2026 08:23
1b3e4f98-5229-4dbc-a310-267df59b5a5f,shortish.cricket,available,23.59,23.59,high,medium,8,namesilo,,,10/09/2026 06:50
d4cda8b9-6247-40ae-8bab-5e105990b5b0,beaujolais.cricket,premium,448,53.92,high,low,10,namesilo,,,22/09/2026 22:13
c572b818-bff1-49b9-9217-213ed6ca3a4c,happily.cricket,premium,437.5,,high,low,7,name.com,,,
3dbc9e5c-2372-4a5e-9851-e4cedfaaf025,requisite.cricket,premium,437.5,62.5,high,low,9,name.com,,,17/08/2026 13:21
9ba045dc-609f-4c08-a2bd-350ab5807abc,precious.cricket,premium,437.5,62.5,high,low,8,name.com,,,12/08/2026 04:19
88bd8085-f7b3-4064-9dba-0cce43702246,pillowcases.cricket,available,23.59,23.59,medium,low,12,namesilo,,,21/09/2026 01:49
0d4ea6bc-5947-4db8-a219-280ceea585b4,exchanged.cricket,available,23.59,23.59,high,low,9,namesilo,,,17/08/2026 16:20
4e537dab-8cbc-4616-bf3b-0ea772ba0b86,araneus.cricket,available,23.59,23.59,medium,low,7,namesilo,,,20/09/2026 00:05
1253adf5-c2cb-41ae-822a-6da5d076d3f2,sideline.cricket,premium,448,53.92,high,low,8,namesilo,,,21/09/2026 09:42
0d8d2259-f871-415f-9410-322765820763,elective.cricket,available,23.59,23.59,high,low,8,namesilo,,,16/08/2026 02:33
c2daebf0-2796-4d88-b915-e47245742ccc,burred.cricket,available,23.59,23.59,medium,low,6,namesilo,,,08/08/2026 17:23
011b1fce-4902-433b-95c5-84df0f56a73f,pierre.cricket,premium,448,53.92,high,low,6,namesilo,,,24/09/2026 12:24
6bde5da8-d499-4a54-a51f-35f33a186af0,ballyhoo.cricket,premium,448,53.92,high,low,8,namesilo,,,21/09/2026 23:32
e6661bbc-c63b-4b11-b130-b13e0568505e,annexation.cricket,premium,448,53.92,medium,low,10,namesilo,,,19/09/2026 10:25
a389b9be-47a9-4081-88e2-2aa10f7ce9f3,dogtooth.cricket,available,23.59,23.59,medium,low,8,namesilo,,,11/08/2026 17:01
ce68451c-3245-44b0-bdf9-0259bad32c29,underneath.cricket,premium,448,53.92,high,low,10,namesilo,,,16/09/2026 09:57
472822be-07b0-4e73-911c-e2f2a24c7541,division.cricket,premium,437.5,,high,low,8,name.com,,,
38898c3c-76a7-4d41-a48a-16557cedb40a,unique.cricket,premium,6250,,high,medium,6,name.com,,,
f6b88eb0-2dfa-4f34-8065-629ee754b9c6,briary.cricket,available,23.59,23.59,medium,low,6,namesilo,,,08/08/2026 17:02
547376a3-62da-43de-add2-20316d33d9a3,actors.cricket,premium,437.5,,high,low,6,name.com,,,
8b10d13e-3a24-40d7-ba74-d1cbbf414654,bandana.cricket,premium,448,53.92,high,low,7,namesilo,,,22/09/2026 00:59
a9d63893-7943-43b6-ba13-6e7dc739aea0,screenshots.cricket,available,23.59,23.59,medium,low,11,namesilo,,,20/09/2026 11:10
a9da5305-4d53-4129-a5f5-0dff3157f10b,activator.cricket,premium,448,53.92,high,low,9,namesilo,,,17/09/2026 05:10
f912196e-1316-43ba-a902-03fc6155f86c,dotted.cricket,available,34.99,37.99,medium,low,6,name.com,,,13/08/2026 18:28
9b1d8f82-599b-41e7-965f-95e24901bb85,commission.cricket,available,23.59,23.59,high,low,10,namesilo,,,
69ef2e19-4391-450e-883d-06824550a5cc,trine.cricket,premium,437.5,62.5,medium,low,5,name.com,,,
c252e420-fe6e-4d04-b38c-05f868a0549d,acetone.cricket,premium,448,53.92,high,low,7,namesilo,,,17/09/2026 00:07
50866374-62fe-4599-b1ab-70300f54e53a,add.cricket,premium,625,,high,low,3,name.com,,,
544a4e51-0c62-47cb-be92-1cad90deecce,slim.cricket,premium,437.5,,high,low,4,name.com,,,
3b9f3983-b0c3-4ec3-a713-bc5b6699f1cc,caoutchouc.cricket,available,25.98,31.98,high,medium,10,namecheap,,,09/09/2026 19:12
59201ab4-4c1f-4433-80ed-1a1efc8872d2,paramedic.cricket,available,23.59,23.59,high,low,9,namesilo,,,08/09/2026 00:59
b615fe2b-f1a1-47e5-9bb8-a6cf5482fa94,referent.cricket,available,23.59,23.59,high,medium,8,namesilo,,,09/09/2026 12:35
88168de8-ec6a-48d7-aa1d-8ae825cfdcd8,blurred.cricket,premium,455,65,high,low,7,namecheap,,,22/09/2026 23:21
e2d2289e-f895-49a3-b5b3-691c3912d5ed,publicly.cricket,available,31.98,,high,low,8,namecheap,,,
666923fa-8a76-40c7-81f3-b95b82a8473a,spf.cricket,premium,448,53.92,high,low,3,namesilo,,,25/09/2026 17:19
788250f8-7bd3-4a17-82c1-bd0d6b853711,traps.cricket,premium,448,53.92,high,low,5,namesilo,,,20/09/2026 04:06
e2c092a1-e8c1-4588-af04-0309896f534f,styleless.cricket,available,23.59,23.59,low,low,9,namesilo,,,10/09/2026 23:15
70f386ec-3e0b-42f6-8e03-2427d4ba5880,premolar.cricket,available,23.59,23.59,high,low,8,namesilo,,,09/08/2026 19:46
8aaa113e-ff66-4847-be0d-0956958b6bd2,conquest.cricket,premium,437.5,,high,low,8,name.com,,,
d76c5f40-5171-43cc-a466-f42da88eb22c,supersonic.cricket,premium,448,53.92,high,low,10,namesilo,,,11/09/2026 02:25
477f1d26-fd9e-4b73-be05-e8b54554db21,faddy.cricket,available,23.59,23.59,medium,low,5,namesilo,,,17/08/2026 20:35
61322e91-8e00-45da-ade9-f34bd09458ef,adrift.cricket,available,23.59,23.59,high,low,6,namesilo,,,
460a243e-fcc3-4dfb-bb74-0ff1f5043b65,arthur.cricket,premium,448,53.92,high,low,6,namesilo,,,20/09/2026 10:45
17b0b06e-9363-4d83-b3bd-2f975da371cb,philip.cricket,premium,437.5,,high,low,6,name.com,,,
7a3a588d-b55b-4753-a143-ee2f1d0f99b1,cleanup.cricket,premium,437.5,62.5,high,low,7,name.com,,,12/08/2026 10:26
ef0699d9-1a41-42a4-b2e8-e136a2cdd8d3,malay.cricket,available,23.59,23.59,high,low,5,namesilo,,,24/08/2026 13:42
258cc4cf-714a-48ac-bf01-5c49339bbc5d,fingered.cricket,available,23.59,23.59,high,low,8,namesilo,,,18/08/2026 04:53
dc95c200-f621-4177-b88b-c9c1995d1856,weed.cricket,premium,437.5,,high,low,4,name.com,,,
82229138-34f7-464c-a3ac-316b50ec90f7,crosby.cricket,premium,448,53.92,high,low,6,namesilo,,,23/09/2026 17:15
2a58c2e4-34c9-493b-80f3-432df2f155f8,cans.cricket,premium,455,65,medium,low,4,namecheap,,,18/09/2026 22:47
a276905a-5e78-4a5f-953a-e6c99289a209,airing.cricket,available,23.59,23.59,high,low,6,namesilo,,,17/09/2026 23:12
27d48b0e-b9e5-4afd-b701-93198493d995,hardship.cricket,available,23.59,23.59,high,low,8,namesilo,,,17/09/2026 10:51
f9aa2d8a-6930-4682-bc29-fd3aa936b16d,head.cricket,premium,448,53.92,high,low,4,namesilo,,,23/09/2026 14:18
0adb58a6-ba4e-4673-b520-2196f7938380,rummy.cricket,premium,437.5,62.5,high,low,5,name.com,,,13/08/2026 11:16
f128aabf-dc49-4f18-878a-6b5872e6ce65,dollars.cricket,premium,455,65,high,low,7,namecheap,,,17/09/2026 07:00
d69eaad4-cd9c-45b9-93e9-a9d7308e80b0,documentation.cricket,available,23.59,23.59,high,low,13,namesilo,,,
02a4f438-6b9c-408b-8c3c-9cd36075992a,interviewee.cricket,available,23.59,23.59,medium,low,11,namesilo,,,
b8001219-dbc2-482c-b8dd-98728f63da2f,baked.cricket,premium,437.5,62.5,high,low,5,name.com,,,
8bb61d55-3534-487a-84d8-1e09258be452,hustle.cricket,premium,437.5,62.5,high,low,6,name.com,,,17/09/2026 09:12
5d73d697-11b4-418f-8351-f42145170ffe,july.cricket,premium,437.5,,high,low,4,name.com,,,
771de70a-a2fc-48e4-97eb-2c18dbef4d05,orchis.cricket,available,25.98,31.98,medium,low,6,namecheap,,,21/09/2026 23:07
9e06c28b-9300-4fe1-acc6-e779fbc86411,obtained.cricket,available,23.59,23.59,medium,low,8,namesilo,,,
c9528522-2764-42d4-83a1-4351b2be5872,refreshment.cricket,available,25.98,31.98,high,low,11,namecheap,,,19/09/2026 14:11
81abac65-ca66-4080-93f1-ff6589ba5285,yourselves.cricket,available,23.59,23.59,medium,low,10,namesilo,,,
676aede1-30a9-4892-8477-73fd6ab54a21,unblended.cricket,available,23.59,23.59,medium,low,9,namesilo,,,12/09/2026 02:12
482d858a-56ef-42c3-87b7-a1b63870a0a6,soggy.cricket,available,23.59,23.59,high,low,5,namesilo,,,10/08/2026 17:14
770cf76f-5f97-4159-a387-88ffb18e8182,venomous.cricket,available,23.59,23.59,medium,low,8,namesilo,,,13/09/2026 02:08
d3dde748-9677-4b78-b4cb-1c1af3a5c8ab,protect.cricket,premium,437.5,,high,low,7,name.com,,,
4e2d3a96-9bd9-434f-b856-5f30ae4b78e3,thawing.cricket,available,23.59,23.59,high,low,7,namesilo,,,24/08/2026 19:47
45cc3572-d5ac-484b-a1bb-7c82206a3fed,ever.cricket,premium,437.5,,high,medium,4,name.com,,,
3e91fbf9-bd51-4901-9ca9-f8128c645b0d,brimful.cricket,available,23.59,23.59,high,low,7,namesilo,,,11/08/2026 04:08
e86cd396-4613-4a1e-a574-1f5d2678e57e,excision.cricket,available,23.59,23.59,medium,low,8,namesilo,,,16/09/2026 16:06
32f9949c-7327-452a-a2ac-7722e68bcb8e,limp.cricket,available,23.59,23.59,high,low,4,namesilo,,,23/08/2026 12:39
5b29157d-83fe-406a-971c-6843467488c9,ropeway.cricket,premium,455,65,medium,low,7,namecheap,,,17/09/2026 12:50
9f176ca0-469a-40d4-8598-0a7e5f2e3f95,clemency.cricket,available,25.98,31.98,high,low,8,namecheap,,,24/09/2026 15:31
2b0210c6-15fb-4a0e-a8de-fa0e714e1443,hoagie.cricket,available,25.98,31.98,high,low,6,namecheap,,,24/09/2026 20:04
f50d8ae9-fa31-4ca9-be1a-8ca3053ac5df,philly.cricket,premium,437.5,,high,low,6,name.com,,,
0347927f-8928-4d4b-aa61-c008b54a4de4,communicate.cricket,premium,437.5,,high,low,11,name.com,,,
4b091f55-5f40-4652-98e7-fd3c77771c54,rigour.cricket,premium,448,53.92,high,low,6,namesilo,,,20/09/2026 14:57
71d0591f-538c-4759-8566-730362ba4c7b,herbaceous.cricket,available,23.59,23.59,medium,low,10,namesilo,,,21/08/2026 06:56
e4998071-3f83-40b4-abee-92b242cc7e76,overhasty.cricket,available,23.59,23.59,medium,low,9,namesilo,,,04/09/2026 20:44
744686a2-4563-46ad-bbc7-9f6406f6fa71,holloway.cricket,premium,448,53.92,high,low,8,namesilo,,,26/09/2026 03:22
9529e278-4f41-4d91-ba0f-d660ced4d7e0,repeat.cricket,premium,448,53.92,high,low,6,namesilo,,,24/09/2026 12:27
2477c79f-a28d-45a4-9e2d-830f50e3388d,melvin.cricket,premium,448,53.92,high,low,6,namesilo,,,26/09/2026 03:21
ac2cce2f-9d67-477e-94e8-0872842d03f1,assuredly.cricket,available,23.59,23.59,high,low,9,namesilo,,,13/09/2026 22:09
696d942c-58f5-4a7c-a814-260a3ca10293,preserve.cricket,premium,448,53.92,high,low,8,namesilo,,,24/09/2026 17:28
78349f46-7a8d-421d-9341-f1f0a7313789,peirce.cricket,available,23.59,23.59,high,low,6,namesilo,,,23/09/2026 08:23
e06d544d-9874-438c-a5b8-61086d591a05,unilateral.cricket,available,23.59,23.59,medium,low,10,namesilo,,,12/09/2026 12:59
c832157e-327a-4d29-9ec7-1dd4bff30f6a,happy.cricket,premium,3450,116,high,medium,5,namesilo,,,24/09/2026 23:31
6626f481-2e81-4341-b6ac-c919d81118c1,death.cricket,premium,448,53.92,high,low,5,namesilo,,,24/09/2026 12:39
59a2b837-55db-406d-ad3b-7494395d4733,stung.cricket,available,23.59,23.59,medium,low,5,namesilo,,,
8eff0b5e-ba14-4b86-b644-d2dcb1fb70fd,yellow.cricket,premium,1107,116,high,medium,6,namesilo,,,23/09/2026 14:15
8cdfb45d-24fb-4841-bf4d-be943119bb40,banksia.cricket,available,23.59,23.59,high,low,7,namesilo,,,22/09/2026 02:53
4a45af2f-de69-44f4-9a1f-fb09fd077bb2,adriatic.cricket,premium,455,65,high,low,8,namecheap,,,17/09/2026 10:03
1e12b5a3-946b-48e0-aa17-0763d0c9e6d2,beadle.cricket,available,25.98,31.98,medium,low,6,namecheap,,,22/09/2026 19:31
eef70e43-705a-40e5-8542-140f3e2c1f53,streetfighter.cricket,premium,437.5,,medium,low,14,name.com,,,
81253e9c-762a-4d99-a3a6-2ff39fb78ef0,bollock.cricket,available,23.59,23.59,medium,low,7,namesilo,,,21/09/2026 23:08
33b54551-396b-4215-b445-f54525aca018,defiled.cricket,available,23.59,23.59,medium,low,7,namesilo,,,13/08/2026 23:24
64977cba-eba7-406d-b2f7-b32ab1d4b477,diverting.cricket,available,23.59,23.59,medium,low,9,namesilo,,,
0d017895-c7a6-4cae-871d-b8e263696753,looseleaf.cricket,premium,437.5,62.5,medium,low,9,name.com,,,24/08/2026 09:43
d8abfa56-c4dc-40dd-b792-b553a3abf207,sugar.cricket,premium,448,53.92,high,low,5,namesilo,,,25/09/2026 05:11
18f9d81e-1643-42f9-9d63-e2ac936628c6,benjamin.cricket,premium,448,53.92,high,low,8,namesilo,,,20/09/2026 12:34
8e7b9a4d-df6a-4e01-984b-9b141d78e880,planetarium.cricket,premium,437.5,,high,low,11,name.com,,,
23c80cc8-9294-48b3-a72d-bce45c01ab49,medals.cricket,available,23.59,23.59,high,low,6,namesilo,,,
71e30efe-7810-438f-92ac-27c24b4d8b54,jocund.cricket,available,23.59,23.59,medium,low,6,namesilo,,,22/08/2026 13:40
1158bb68-be90-41e9-a57d-02ec4bd90d26,holey.cricket,available,23.59,23.59,medium,low,5,namesilo,,,21/08/2026 10:23
5c186d23-3a04-4070-a032-c0fa6402560b,cannon.cricket,premium,448,53.92,high,low,6,namesilo,,,24/09/2026 12:05
5bddb184-de5d-4cd4-8cb2-90da45766cfe,glooming.cricket,available,23.59,23.59,medium,low,8,namesilo,,,20/08/2026 14:41
a907f887-2401-418f-bedc-176f1e4271c5,stretchout.cricket,premium,448,53.92,medium,low,11,namesilo,,,17/09/2026 05:03
cde7964a-6b39-48a9-8fb0-5531b1364f7a,measured.cricket,available,23.59,23.59,high,low,8,namesilo,,,11/08/2026 13:59
dcc40739-2029-4598-92f6-a0f14430c356,died.cricket,available,23.59,23.59,low,low,4,namesilo,,,
ab027423-0622-4842-bb23-270f39867c65,silent.cricket,premium,448,53.92,high,low,6,namesilo,,,25/09/2026 22:10
d668e2f4-c06e-43ed-958f-1c56d9852000,fastgrowing.cricket,available,23.59,23.59,high,low,12,namesilo,,,
1b9334fa-0987-4662-a05f-b7819541580f,effective.cricket,premium,1107,116,high,low,9,namesilo,,,24/09/2026 13:31
d4c534c2-ec78-4b6b-b97c-763e836801bb,restlessly.cricket,available,23.59,23.59,medium,low,10,namesilo,,,15/09/2026 23:29
d19c9ee5-9901-43da-8d25-9d650451271f,tannic.cricket,available,23.59,23.59,medium,low,6,namesilo,,,11/09/2026 08:01
db8a0803-471f-4257-a832-3fe2ed9a966b,spiral.cricket,premium,448,53.92,high,low,6,namesilo,,,23/09/2026 14:59
19cee84b-7dc8-43be-a47b-1d41eb052c0d,blether.cricket,available,23.59,23.59,medium,low,7,namesilo,,,24/09/2026 04:49
7b8298bd-66c5-4bcd-abdc-9b7524561f78,untucked.cricket,available,23.59,23.59,low,low,8,namesilo,,,12/09/2026 21:50
d3dec50b-526d-4bfe-85b6-2e565100cc60,funded.cricket,premium,437.5,62.5,high,low,6,name.com,,,18/08/2026 18:23
e4882d49-e15b-4e80-b079-b9589882880b,spoiled.cricket,premium,448,53.92,high,low,7,namesilo,,,10/09/2026 16:20
be9d9fa5-dd59-4d31-a5ff-82de95888746,rattling.cricket,available,23.59,23.59,high,low,8,namesilo,,,11/08/2026 04:30
2f3529ec-4dd3-4e0f-a8be-2fb9a9b41eba,bakshish.cricket,available,34.99,37.99,medium,low,8,name.com,,,21/09/2026 15:53
d309beb7-6251-4841-9909-df1116aeb34c,competency.cricket,available,23.59,23.59,high,low,10,namesilo,,,24/09/2026 16:48
ba9f1ee6-23bf-4e84-b597-38ec0f4b2322,photocopying.cricket,available,23.59,23.59,medium,low,12,namesilo,,,20/09/2026 03:35
7131844d-ab67-4bc8-81b4-182fdb426c73,agential.cricket,available,23.59,23.59,medium,low,8,namesilo,,,
970b14c8-8940-4b99-8529-f400fa74fc1f,logan.cricket,premium,448,53.92,high,low,5,namesilo,,,25/09/2026 09:03
00909645-4582-487d-858a-d67829abea4e,lafayette.cricket,premium,437.5,,high,low,9,name.com,,,
16d9b5be-3fb2-4455-bd8a-f0b281d77e55,amberjack.cricket,premium,448,53.92,high,low,9,namesilo,,,18/09/2026 16:35
7cf436c1-e51f-41bf-bde9-94372857932b,boy.cricket,available,,,high,low,3,,,,
fb948bda-674b-4e1d-acfd-b9fc00754cd7,oppositions.cricket,available,34.99,37.99,low,low,11,name.com,,,20/09/2026 21:56
72e85535-aff5-4b2d-aaba-a9f1a41d5fe0,soused.cricket,available,23.59,23.59,low,low,6,namesilo,,,09/08/2026 16:07
4c3b41a7-6296-4516-84f3-0faaffeb0e45,leftover.cricket,available,23.59,23.59,high,low,8,namesilo,,,22/08/2026 22:41
9c2bbdcf-3ad3-4d9d-9072-366a1643f739,rabbinic.cricket,available,23.59,23.59,medium,low,8,namesilo,,,09/09/2026 09:14
fe66911d-ea20-404d-9063-458375ef6cf2,backbone.cricket,premium,455,65,high,low,9,namecheap,,,21/09/2026 15:14
1acb6ea0-c0ba-4697-a135-c9e82df65dc3,exposit.cricket,available,23.59,23.59,medium,low,7,namesilo,,,15/08/2026 23:47
9f03007d-faba-4106-9551-78467b6b25e4,prompter.cricket,premium,448,53.92,high,low,8,namesilo,,,21/09/2026 06:13
08035b2c-fd4d-4516-a6c1-81e3437a4b53,port.cricket,premium,455,65,high,low,4,namecheap,,,25/09/2026 13:07
2e400db3-8cda-4af5-ab3b-a4fd0538ae42,perm.cricket,available,23.59,23.59,high,low,4,namesilo,,,08/09/2026 17:34
172b1c93-b09c-486e-b967-d6ac4d7ed504,davis.cricket,premium,448,53.92,high,low,5,namesilo,,,23/09/2026 11:38
1d22cf15-374a-46bf-8eb9-bb83e59013e2,impelling.cricket,available,23.59,23.59,medium,low,9,namesilo,,,21/08/2026 22:04
96f46bc2-ff16-4911-a83c-fad6629baf04,argonauta.cricket,available,25.98,31.98,medium,low,9,namecheap,,,20/09/2026 04:32
aea0f769-3f1a-41b8-818c-3d76fd417245,vibrate.cricket,premium,437.5,,high,low,7,name.com,,,
5acd428a-fafb-4341-b094-02bd3ec695f2,lagger.cricket,available,23.59,23.59,medium,low,6,namesilo,,,22/08/2026 18:42
b7340f7f-9b7b-42cd-84bf-c5ff6c747953,maladroit.cricket,available,23.59,23.59,medium,low,9,namesilo,,,24/08/2026 13:35
bd369619-46e6-4ecd-b8bb-140a70aa3ebe,apnea.cricket,available,25.98,31.98,medium,low,5,namecheap,,,19/09/2026 18:04
fea693c7-be42-499a-a530-c764c6cc88c3,techy.cricket,available,23.59,23.59,medium,low,5,namesilo,,,22/08/2026 10:32
efd6c0df-466e-453b-a5db-ec44b0eb52a2,atf.cricket,premium,455,65,high,low,3,namecheap,,,20/09/2026 20:14
fad6d616-220e-4185-baaf-e6ff94bc68f5,wireless.cricket,available,23.59,23.59,high,low,8,namesilo,,,
8de3e276-f1ab-46e1-bd50-615790813e55,azote.cricket,premium,448,53.92,medium,low,5,namesilo,,,21/09/2026 11:27
b655d7c3-ea16-4376-a797-b81e98315fcd,offensive.cricket,available,23.59,23.59,high,low,9,namesilo,,,14/08/2026 22:05
02fc1810-4a33-44a8-8a0b-4b15fb01baf7,monolithic.cricket,premium,437.5,62.5,medium,low,10,name.com,,,24/08/2026 16:43
a34ebacb-d57d-4de0-b918-1d626177ea8b,thrust.cricket,premium,448,53.92,high,low,6,namesilo,,,25/09/2026 00:11
95d641a2-b95c-4e3f-8300-905dea349abf,swimmer.cricket,premium,455,65,high,low,7,namecheap,,,22/09/2026 13:29
6c5ce7fd-e0a5-404e-9e5f-0820aa821e96,rush.cricket,available,23.59,23.59,high,low,4,namesilo,,,24/09/2026 18:44
a84cad8c-45f8-4e51-98b6-6e95a59f853f,phoney.cricket,premium,437.5,62.5,medium,low,6,name.com,,,08/08/2026 23:14
2ff7cb89-94a3-499c-85c9-fb561e49197e,venal.cricket,premium,437.5,62.5,medium,low,5,name.com,,,11/08/2026 03:46
7ca42ca0-c77b-4b6a-930e-32a3778f031d,accretive.cricket,premium,437.5,62.5,medium,low,9,name.com,,,
54969750-666a-44ed-8bdc-851b85b6394e,dutch.cricket,premium,1107,116,high,low,5,namesilo,,,24/09/2026 12:34
babc9b97-7eac-4029-a1a2-668d46c7833c,cargo.cricket,premium,448,53.92,high,low,5,namesilo,,,24/09/2026 12:56
ae0628da-9e09-46df-9274-7d2a821d2e95,token.cricket,premium,437.5,,high,medium,5,name.com,,,
e7746c63-c279-4a6b-8bf4-02243f3dcd6e,avidness.cricket,available,25.98,31.98,medium,low,8,namecheap,,,21/09/2026 09:29
cf87860e-c3c9-49ec-8cd2-4dcbbabcb8b9,inutile.cricket,available,23.59,23.59,medium,low,7,namesilo,,,22/08/2026 08:54
231d96b7-f29e-46be-9c90-6369a655166d,toes.cricket,premium,448,53.92,medium,low,4,namesilo,,,17/09/2026 01:11
a887c12f-61a2-4270-b5e1-3a93aebac3ce,inaugural.cricket,available,23.59,23.59,high,low,9,namesilo,,,22/08/2026 00:37
95e6f301-a813-4adc-aef0-697d7a719af0,pickaback.cricket,available,23.59,23.59,high,low,9,namesilo,,,15/09/2026 19:48
00eaf661-1bef-4f5f-a84a-95bd2be3cb55,perishable.cricket,available,23.59,23.59,high,low,10,namesilo,,,08/09/2026 17:18
f75a4ec6-1165-43d0-a695-90178fa015fa,georges.cricket,premium,448,53.92,high,low,7,namesilo,,,25/09/2026 15:05
52ec2552-0dca-4512-8ad8-6f13af9ab41a,penitent.cricket,available,23.59,23.59,medium,low,8,namesilo,,,08/09/2026 14:30
1c574ec8-914d-4838-bf22-29d322779a22,glitter.cricket,premium,437.5,,high,low,7,name.com,,,
39068bc8-5255-45b3-8ce3-1f8275e68aad,pigeons.cricket,premium,448,53.92,medium,low,7,namesilo,,,20/09/2026 07:08
829f6d64-744f-475a-a032-0f6cda5fb737,upon.cricket,premium,437.5,,high,low,4,name.com,,,
b05df65c-ef4d-4b2b-a4ea-977967c389b1,bellwether.cricket,premium,448,53.92,high,low,10,namesilo,,,23/09/2026 06:30
7bb8e4c0-d625-4e82-be28-fa9ccd7c18aa,tel.cricket,premium,437.5,,high,low,3,name.com,,,
1db5f4d7-5af7-4b5e-960e-85819902075c,operator.cricket,premium,455,65,high,low,8,namecheap,,,25/09/2026 23:32
a5855b0c-2999-4243-a35c-886599514b01,structurally.cricket,available,25.98,31.98,medium,low,12,namecheap,,,17/09/2026 20:10
2e4da507-dd1d-4fea-a618-a2dcfea32305,robed.cricket,available,23.59,23.59,medium,low,5,namesilo,,,06/08/2026 05:03
93aa638f-416f-4f91-a910-e6a598606fe7,nights.cricket,premium,448,53.92,high,low,6,namesilo,,,17/09/2026 22:10
c58b651d-6a19-4b68-84e0-01fcd1b6340b,reviewers.cricket,available,23.59,23.59,medium,low,9,namesilo,,,21/09/2026 09:06
5a486943-f4ac-469e-a9ec-4bef9298284e,temple.cricket,available,,,high,high,6,,,,
70a6dffc-f355-4231-9beb-1d77cfb30c8c,gentile.cricket,premium,437.5,62.5,high,low,7,name.com,,,18/08/2026 21:53
fd824480-524f-4901-9e9b-c1d63168f9f5,bolivian.cricket,premium,1107,116,high,low,8,namesilo,,,10/08/2026 17:46
fbe4b4cb-6ad4-43e5-b025-8789ea3132d3,cinnabar.cricket,premium,437.5,62.5,high,low,8,name.com,,,12/08/2026 05:49
603eef76-cbf5-4142-a8f6-e53efa71f094,hither.cricket,available,23.59,23.59,medium,low,6,namesilo,,,15/09/2026 00:48
afaa727d-b2cb-4e4a-8835-e13077c6527d,wetter.cricket,available,23.59,23.59,high,low,6,namesilo,,,22/09/2026 23:07
bf6ee5fe-1b93-49ff-98cc-37989eca23f0,sensitive.cricket,premium,437.5,,high,low,9,name.com,,,
10858822-2635-49b0-8a4c-63bf04d1ca2e,barometric.cricket,premium,437.5,62.5,medium,low,10,name.com,,,08/08/2026 20:06
8f10f87d-6112-4d9b-8d07-79ec5ae61c8f,oxidative.cricket,available,23.59,23.59,medium,low,9,namesilo,,,04/09/2026 22:23
9862af33-9a32-494b-bbc1-6339a4734077,uncrowded.cricket,available,23.59,23.59,medium,low,9,namesilo,,,12/09/2026 06:35
11c5572b-6713-47da-a324-34ef6d13da53,sean.cricket,available,23.59,23.59,high,low,4,namesilo,,,25/09/2026 11:36
bd68ffed-dcb4-45a7-9b02-6537079dddc2,hodges.cricket,premium,455,65,medium,low,6,namecheap,,,25/09/2026 19:37
d59e05fc-9134-4f39-a01c-d5bff76d752e,traceable.cricket,premium,448,53.92,high,low,9,namesilo,,,11/09/2026 18:33
ee4ea2b6-9bc1-4ef9-8f20-ee64967af317,dogmatic.cricket,premium,437.5,62.5,medium,low,8,name.com,,,14/08/2026 15:09
509f9384-e147-46fc-85a2-df073ace5302,among.cricket,available,23.59,23.59,medium,low,5,namesilo,,,
8a116913-6928-4626-a380-838f02718f9b,torpid.cricket,available,23.59,23.59,medium,low,6,namesilo,,,14/08/2026 16:15
90902fe1-3492-4916-92e0-04ae1675b4a6,vindicated.cricket,premium,448,53.92,high,low,10,namesilo,,,08/09/2026 05:23
79a6f2d9-d03d-4132-b03b-2a21a1cbd8b0,primeval.cricket,premium,448,53.92,high,low,8,namesilo,,,09/09/2026 02:02
570cb637-ce40-4e77-a5cf-22e832c09e27,theater.cricket,premium,448,53.92,high,low,7,namesilo,,,23/09/2026 02:50
22ed8716-e197-45ae-8773-8bca018f4e9a,alkene.cricket,available,23.59,23.59,medium,low,6,namesilo,,,18/09/2026 08:28
30277b74-9bfa-4dae-abdb-4e8597db1177,saving.cricket,available,31.98,,high,low,6,namecheap,,,
b8634245-a9df-4241-95ce-243f45544504,forbidding.cricket,available,23.59,23.59,high,low,10,namesilo,,,18/08/2026 11:08
57bb6f4a-8dec-4944-8899-285eababf292,agenesis.cricket,available,23.59,23.59,medium,low,8,namesilo,,,17/09/2026 17:08
6adfa9ee-9fb2-4628-82fc-426cf276d8c9,apodictic.cricket,available,23.59,23.59,medium,low,9,namesilo,,,06/08/2026 01:27
5fc1be94-46cd-431d-be09-e9f9f60a4386,generators.cricket,available,23.59,23.59,medium,low,10,namesilo,,,
36d183e1-16ce-4ece-be63-18050f59ceb6,saturnine.cricket,available,23.59,23.59,medium,low,9,namesilo,,,20/08/2026 15:03
8e07a056-6f3c-43e5-ac08-707cda2c09e9,wisely.cricket,premium,448,53.92,high,low,6,namesilo,,,16/09/2026 00:29
bd70e41b-fe85-448c-a7a2-0fb641f58ae2,therein.cricket,available,23.59,23.59,medium,low,7,namesilo,,,15/09/2026 07:03
68a9231f-4497-4857-af8c-4fa9594586ae,ishmael.cricket,available,25.98,31.98,high,low,7,namecheap,,,04/09/2026 19:10
34693898-7ac8-4803-b99b-b0da354942ac,corked.cricket,available,23.59,23.59,medium,low,6,namesilo,,,13/08/2026 01:20
861df65a-c299-417f-8a4e-01eff5b366dd,grandchild.cricket,available,23.59,23.59,high,low,10,namesilo,,,
b59fde65-9596-4b6f-a099-d8ae1e85b41d,visibility.cricket,premium,437.5,,high,low,10,name.com,,,
c107a2ee-604f-4f15-a4ed-c3053133ef01,plum.cricket,premium,437.5,62.5,high,medium,4,name.com,,,12/08/2026 10:07
2215bfc5-0e32-41e4-bfdb-8d660490c18b,azonal.cricket,available,23.59,23.59,medium,low,6,namesilo,,,08/08/2026 02:27
da13ba4d-81b6-4e6a-85b7-8347ba042c2e,homebody.cricket,premium,455,65,medium,low,8,namecheap,,,10/09/2026 19:28
1931d285-28fb-49ab-add1-5a5f4180e524,idolized.cricket,available,23.59,23.59,medium,low,8,namesilo,,,
26e51b99-6816-4324-b628-b005bbd3b88b,banging.cricket,available,23.59,23.59,high,low,7,namesilo,,,08/08/2026 13:03
04017503-69cf-403e-97d7-928695b5d0d7,brink.cricket,premium,448,53.92,high,low,5,namesilo,,,24/09/2026 10:33
8bbc760a-d44e-4f25-8f0e-296efa8feee6,stunner.cricket,premium,437.5,62.5,high,low,7,name.com,,,22/08/2026 16:40
158f39be-e2bf-4b2b-be82-12804a6b0072,whale.cricket,premium,437.5,,high,low,5,name.com,,,
aaad7d8b-8203-47ef-ab59-5070b96b9f46,inflatable.cricket,premium,1107,116,high,low,10,namesilo,,,22/08/2026 04:29
39a76011-aba9-430c-a886-70e80839c5c9,balinese.cricket,available,23.59,23.59,high,low,8,namesilo,,,21/09/2026 22:03
e1124d4e-def1-4698-bc4d-9c2d475b16e3,agamid.cricket,available,23.59,23.59,medium,low,6,namesilo,,,17/09/2026 16:08
90849143-1d82-4865-99b4-40303d5715cf,cars.cricket,available,23.59,23.59,high,medium,4,namesilo,,,17/09/2026 14:10
d7423133-75b6-4d65-80e8-64510c2ac931,novice.cricket,premium,455,65,high,low,6,namecheap,,,23/09/2026 02:23
04724b21-3e9e-4f49-a4f7-c387464ad816,trace.cricket,premium,437.5,,high,low,5,name.com,,,
55d71ae6-4415-49f9-8583-61a5cbeedb2e,strategic.cricket,premium,1107,116,high,low,9,namesilo,,,
06563860-e211-4913-98e8-8aa42f69b067,wain.cricket,premium,448,53.92,medium,low,4,namesilo,,,23/09/2026 14:30
84e1a8da-4ed1-43ba-b861-5232aa848bb2,bohme.cricket,available,23.59,23.59,high,low,5,namesilo,,,23/09/2026 03:34
26f60eae-7df9-4558-90e7-17eca6daa541,hobby.cricket,premium,448,53.92,high,low,5,namesilo,,,21/09/2026 09:40
79e9d6f6-8a10-4ce0-8dee-ccdbac60a771,bronchial.cricket,premium,437.5,62.5,medium,low,9,name.com,,,11/08/2026 05:35
a9d7e6f1-77c6-4024-9d91-e939ec25d4b5,went.cricket,available,23.59,23.59,high,low,4,namesilo,,,
c8f3dd5a-6772-4121-8e93-01c6a6ce4fd5,updates.cricket,premium,13800,116,medium,low,7,namesilo,,,20/09/2026 08:39
a387ecc5-bcfb-420c-8583-5f0b7c66682d,scar.cricket,premium,448,53.92,high,low,4,namesilo,,,24/09/2026 15:00
06bbe558-e112-47af-af9a-063c7046cdcc,fall.cricket,available,23.59,23.59,high,low,4,namesilo,,,
582de23b-9e80-4328-9275-8c6b6a69ab8c,ding.cricket,premium,437.5,,high,low,4,name.com,,,
e95faab2-d6ce-45a9-b8be-1edeb16f69ae,unpowered.cricket,available,23.59,23.59,medium,low,9,namesilo,,,12/09/2026 17:18
92bcf2a2-558e-40a3-9be3-2ebaad8a01cb,spicebush.cricket,available,23.59,23.59,high,low,9,namesilo,,,18/09/2026 20:40
bf47d97c-569d-49d0-b327-04dd95b61d05,plate.cricket,premium,437.5,,high,low,5,name.com,,,
63417357-e4c9-4195-981d-1df16e286d17,will.cricket,premium,437.5,,high,medium,4,name.com,,,
3baa65c1-a482-4c30-af90-6324713c76e5,censure.cricket,available,25.98,31.98,medium,low,7,namecheap,,,19/09/2026 08:29
da384c0f-b07c-4257-b562-4e0116c8fe28,scapegrace.cricket,available,23.59,23.59,medium,low,10,namesilo,,,24/09/2026 01:41
fce4280d-f246-4751-97e1-9f6338787d04,lxvii.cricket,available,23.59,23.59,medium,low,5,namesilo,,,
26667ea7-8422-40b8-92ac-d61da50bf441,germicide.cricket,available,23.59,23.59,high,low,9,namesilo,,,
cd5c4f57-e5d5-45cc-b1c4-d1876310a089,achaean.cricket,available,23.59,23.59,medium,low,7,namesilo,,,
da7a773e-f4ec-4ca2-a446-da0512183683,jacob.cricket,premium,448,53.92,high,low,5,namesilo,,,25/09/2026 22:52
676cc384-02ae-4835-ac48-a3c7295754e9,jailhouse.cricket,premium,437.5,62.5,medium,low,9,name.com,,,08/09/2026 22:44
8df90804-61b5-4bb0-aa26-389726905c2b,rain.cricket,premium,437.5,62.5,high,medium,4,name.com,,,19/09/2026 07:28
fb7eda33-d204-4fe9-9868-ceb41d5fee39,nattily.cricket,available,23.59,23.59,medium,low,7,namesilo,,,15/09/2026 16:12
430d9bb2-0c17-4ff8-a3ea-1021970a7236,theorize.cricket,available,23.59,23.59,high,low,8,namesilo,,,24/09/2026 17:19
253d0fe3-3dd4-4d07-8e40-a1696d0fd477,preferent.cricket,available,25.98,31.98,medium,low,9,namecheap,,,09/08/2026 17:55
95f29ed7-2b5a-41c2-8ecf-45fba23cf8a2,coronary.cricket,available,23.59,23.59,high,low,8,namesilo,,,13/08/2026 01:44
21053f8f-6e3a-4488-b878-5a2d92add754,slang.cricket,premium,437.5,62.5,high,low,5,name.com,,,12/08/2026 15:12
1df8af65-1266-4b77-abd3-b4816868a7c7,brands.cricket,premium,448,53.92,high,low,6,namesilo,,,23/09/2026 07:36
1be95721-fd93-4799-a296-8f2027652ed8,iridium.cricket,premium,448,53.92,high,low,7,namesilo,,,20/09/2026 23:49
b7e0ee06-0a14-4e87-9adb-c68d546fca8b,hang.cricket,premium,437.5,,high,low,4,name.com,,,
6c10dc9d-2549-41f5-902c-688c7caea814,totemic.cricket,available,25.98,31.98,medium,low,7,namecheap,,,11/09/2026 18:10
e52f4c8c-3d03-4b95-a826-2578cb82524a,startup.cricket,premium,448,53.92,high,medium,7,namesilo,,,23/09/2026 07:16
b95946de-e055-42d7-aa94-524a12e59f38,obstetric.cricket,available,23.59,23.59,medium,low,9,namesilo,,,04/09/2026 00:03
f4c089db-e9f5-437d-9bf4-00188562583c,spillover.cricket,premium,448,53.92,high,low,10,namesilo,,,16/09/2026 17:36
30331a06-eefc-4874-a45c-370db233b394,arp.cricket,premium,448,53.92,high,low,3,namesilo,,,20/09/2026 08:35
5a134154-02bd-4274-8eb2-e16a03f61753,alienable.cricket,available,23.59,23.59,medium,low,9,namesilo,,,
419a7568-7206-4247-942e-20fd1bb69422,hospitable.cricket,available,23.59,23.59,high,low,10,namesilo,,,21/08/2026 14:16
175432aa-2d3c-4dcb-8560-0112ff8330e3,azurite.cricket,premium,448,53.92,high,low,7,namesilo,,,21/09/2026 11:39
3a75d056-fac2-4489-9b06-475f8e33f9ac,pizza.cricket,premium,448,53.92,high,medium,5,namesilo,,,23/09/2026 06:45
9816db38-8bc9-488f-b9b0-9eb6f8c9cb94,afterglow.cricket,premium,448,53.92,high,low,9,namesilo,,,17/09/2026 15:42
095f1b65-5a45-414b-937f-aa52427ddb91,waxing.cricket,available,23.59,23.59,high,low,6,namesilo,,,13/09/2026 08:44
f45a1d8b-9cd3-4a88-9c8a-dc9ba847cce3,prisms.cricket,premium,448,53.92,medium,low,6,namesilo,,,21/09/2026 00:27
c8b461b1-ea06-4f11-8b5b-c7615bf7242b,numeral.cricket,available,23.59,23.59,high,low,7,namesilo,,,03/09/2026 22:50
a63bf5d4-6ec0-44b5-82de-aab54e2b11be,powers.cricket,premium,437.5,,high,low,6,name.com,,,
1a481d60-9fe0-4f70-9d69-8674514f2f44,erectile.cricket,available,23.59,23.59,medium,low,8,namesilo,,,17/08/2026 12:07
97089db0-de40-48ae-9564-890976db5bde,basle.cricket,available,23.59,23.59,medium,low,5,namesilo,,,22/09/2026 10:14
5d31176b-f319-4b13-8ca3-c228231c76e5,gaping.cricket,available,23.59,23.59,high,low,6,namesilo,,,
d1012ee2-f912-4a5b-b146-7651336d4da2,forty.cricket,premium,437.5,62.5,high,low,5,name.com,,,
26764700-298d-4826-a4a6-1197edf72a53,start.cricket,premium,1107,116,high,medium,5,namesilo,,,
87d9c306-ec6e-47b8-b27f-78327b4ed9fa,frigid.cricket,premium,437.5,62.5,medium,low,6,name.com,,,18/08/2026 15:46
95a58321-a536-42d5-bf15-01bb3cc02ec3,tech.cricket,premium,1107,116,high,medium,4,namesilo,,,24/09/2026 18:39
4d13853e-510b-4ba9-a001-113df0c085c0,willis.cricket,premium,448,53.92,high,low,6,namesilo,,,25/09/2026 10:53
f7177c4a-d817-4483-ad3c-cbe7fb80fba9,uncomplicated.cricket,available,31.98,,high,low,13,namecheap,,,
3d5a55ab-ea3e-45a8-a9ee-571b1e7f54c2,class.cricket,premium,3125,,high,low,5,name.com,,,
8ce8ae15-1b8e-45a2-87e7-a40c59d20e7e,contrast.cricket,premium,437.5,,high,low,8,name.com,,,
be287239-1742-4fd5-baf1-0f329abc92d6,steakhouse.cricket,premium,448,53.92,high,low,10,namesilo,,,24/09/2026 14:46
2f6aaadd-47c2-4b53-bd77-0d2ac28a2832,aortic.cricket,available,23.59,23.59,medium,low,6,namesilo,,,05/08/2026 21:54
d666be83-2dcc-43e7-b447-1f9751c26907,purses.cricket,available,23.59,23.59,medium,low,6,namesilo,,,20/09/2026 11:07
2abc01b6-6a2f-480c-9aaf-b2566a85ae09,nwo.cricket,premium,437.5,,high,low,3,name.com,,,
a514e57a-95b2-4dc8-bca4-d75474056e8a,lookout.cricket,premium,437.5,,high,low,7,name.com,,,
f1fc17d0-e746-436a-a8a8-924c8f979bd9,jehovah.cricket,available,23.59,23.59,high,low,7,namesilo,,,
22c7d4ac-fe6f-4c50-8cd0-6e790cfd10b9,threesome.cricket,premium,437.5,62.5,high,low,9,name.com,,,
010e9615-0c77-4527-ae81-e6cc4283a4a0,guests.cricket,premium,448,53.92,medium,low,6,namesilo,,,25/09/2026 17:02
36286af7-c77f-4bf8-a11a-b5df4daea4b6,hercules.cricket,premium,437.5,,high,low,8,name.com,,,
2c1acc29-e41a-46ee-aaa5-d96c3a362575,legendary.cricket,premium,437.5,62.5,high,low,9,name.com,,,17/08/2026 20:13
487dd315-9b64-4e4a-a81f-f31fadf66cdb,familial.cricket,available,25.98,31.98,high,low,8,namecheap,,,17/08/2026 21:41
f3e305c5-a625-470a-ab28-634e48722489,census.cricket,premium,448,53.92,high,low,6,namesilo,,,24/09/2026 13:32
ecefe9c2-f2ad-457d-9e01-03956ac08b5a,aengus.cricket,available,23.59,23.59,medium,low,6,namesilo,,,17/09/2026 12:29
e651a993-07e5-47a1-9f09-eae77367ab74,potbound.cricket,available,23.59,23.59,medium,low,8,namesilo,,,09/09/2026 00:44
826d824b-3bc5-4e7f-b7e9-33830e8626d4,patton.cricket,premium,448,53.92,high,low,6,namesilo,,,25/09/2026 16:06
9561d9e3-3b6b-4f2e-82b6-51756abf039a,director.cricket,premium,1107,116,high,low,8,namesilo,,,
9c630502-4fe3-47a3-b36d-942c7e6aaa7e,affirmative.cricket,premium,437.5,,high,low,11,name.com,,,
5604e0e8-b999-41b7-94a8-37d7d7217862,alger.cricket,premium,448,53.92,high,low,5,namesilo,,,18/09/2026 06:56
7ffa2cdb-1e3b-420b-b925-f857bbb6a85b,occupant.cricket,available,23.59,23.59,high,low,8,namesilo,,,09/09/2026 14:52
e69b5b40-4784-4dcf-a8b7-ccb3c1786fdf,frederic.cricket,available,23.59,23.59,high,low,8,namesilo,,,25/09/2026 15:15
828f4ce8-e51d-4c14-b974-ed7a85227124,reborn.cricket,premium,437.5,62.5,high,low,6,name.com,,,10/08/2026 20:11
838987b1-1915-470c-8c45-137967533a62,operation.cricket,premium,455,65,high,low,9,namecheap,,,25/09/2026 04:49
50cce428-5400-4a9b-960c-a4a66d663b28,bodacious.cricket,premium,437.5,62.5,high,low,9,name.com,,,10/08/2026 16:42
9a4e8921-21b0-47d9-bf2b-2b9632a95a9b,creamy.cricket,premium,437.5,62.5,high,low,6,name.com,,,13/08/2026 05:45
40114133-f86c-4af9-93f5-79c3da6a1dd6,allogeneic.cricket,available,23.59,23.59,medium,low,10,namesilo,,,
467a1abf-3af5-4d72-bb53-288c713fb2b3,uuq.cricket,premium,640,77.35,medium,low,3,namesilo,,,20/09/2026 22:18
4051dd8e-79cc-4b48-b3e9-f66fafd74982,vulturous.cricket,available,23.59,23.59,high,medium,9,namesilo,,,09/09/2026 10:25
b38ab558-ada9-4cb2-89d1-89b07fa55722,cutaneal.cricket,available,34.99,37.99,medium,low,8,name.com,,,13/08/2026 12:57
d4c4dd2f-3561-4711-9ea1-04a6703c005b,aquarium.cricket,premium,448,53.92,high,low,8,namesilo,,,19/09/2026 23:02
ef1bb590-ab34-49de-a521-0ed542a51697,mystify.cricket,premium,455,65,high,low,7,namecheap,,,21/09/2026 17:29
cf367e7b-476d-409d-a86c-57db71383308,door.cricket,premium,448,53.92,high,low,4,namesilo,,,19/09/2026 10:21
c72185e7-7566-4c0d-a811-7198595ab303,annona.cricket,premium,448,53.92,medium,low,6,namesilo,,,19/09/2026 10:30
0a47f652-b2ed-43e1-b4dd-41d959f59154,mitral.cricket,available,23.59,23.59,medium,low,6,namesilo,,,25/08/2026 02:10
f9f74c5e-1ba7-4c7b-8acf-b41b790b2626,zama.cricket,premium,455,65,high,low,4,namecheap,,,22/09/2026 16:21
a962af70-a19d-43dd-b87e-6a84c3655e61,hungry.cricket,premium,455,65,high,low,6,namecheap,,,25/09/2026 06:41
bd3f0e1c-738b-450b-99e5-0d302be39aa7,letter.cricket,available,23.59,23.59,high,low,6,namesilo,,,24/09/2026 02:40
3980ec24-cfe5-4f83-89ba-bff026391810,doughnut.cricket,premium,437.5,,high,low,8,name.com,,,
c9441797-4bac-463a-9468-d78089bcb98e,want.cricket,premium,437.5,,high,low,4,name.com,,,
79ef5f85-5c82-43a8-9b1e-ec8101ad895b,descendent.cricket,available,23.59,23.59,medium,low,10,namesilo,,,14/08/2026 03:16
c219e549-a2b9-4283-a702-82ab3cbc5768,slavish.cricket,available,23.59,23.59,medium,low,7,namesilo,,,10/09/2026 10:38
4998e870-a46c-4ffc-8fee-1127817d20ee,through.cricket,premium,1107,116,high,low,7,namesilo,,,24/09/2026 11:40
48da7fa7-cdd9-4712-ac96-209d5467911a,collector.cricket,premium,448,53.92,high,low,9,namesilo,,,16/09/2026 23:18
1a80a1a1-240e-4486-8267-123095d26eb7,heinz.cricket,premium,455,65,high,low,5,namecheap,,,25/09/2026 07:09
1b6713c9-87ec-4e21-b397-4684cf726c0f,psychology.cricket,premium,437.5,,high,low,10,name.com,,,
a8e7ff23-7170-4b5c-8b91-dec434a11532,contrived.cricket,available,23.59,23.59,medium,low,9,namesilo,,,12/08/2026 23:42
9e7e7e9b-f8e1-46b5-a37d-4a6dd184d6a1,whoever.cricket,available,23.59,23.59,medium,low,7,namesilo,,,
b76e5698-c38d-459f-9b86-61d00594c2ce,recruited.cricket,available,23.59,23.59,high,low,9,namesilo,,,18/09/2026 00:53
2e6f3ae7-2064-4d13-91d9-9273b1a36fd1,acquire.cricket,premium,448,53.92,high,low,7,namesilo,,,25/09/2026 03:22
9aaf866c-954a-4617-b80d-c60a9482e0ef,arras.cricket,available,23.59,23.59,medium,low,5,namesilo,,,20/09/2026 08:49
c01df572-2376-48a6-b2cc-56360d1afb09,herakles.cricket,premium,448,53.92,high,low,8,namesilo,,,18/09/2026 04:05
f5807794-e6ad-421c-83a1-aa07c410175c,plodding.cricket,available,25.98,31.98,medium,low,8,namecheap,,,08/09/2026 21:17
665714fb-83e9-4650-b887-81ca06384862,overeager.cricket,available,25.98,31.98,high,low,9,namecheap,,,04/09/2026 20:31
01587be5-2a3e-491b-8f39-8745214c0f85,referable.cricket,available,23.59,23.59,medium,low,9,namesilo,,,07/08/2026 01:28
a20bc664-8356-455b-9fe0-8156ce567e05,blackfly.cricket,premium,448,53.92,medium,low,8,namesilo,,,19/09/2026 17:06
044c11d7-40ce-49dc-9a4c-47eaf785c81b,asper.cricket,available,25.98,31.98,high,low,5,namecheap,,,20/09/2026 14:47
6bd736b2-03b2-4d30-a752-d5415c77f0ba,flooring.cricket,available,23.59,23.59,high,low,8,namesilo,,,
73841eff-41f2-4ef4-b96c-47dc1fa542c3,operant.cricket,available,23.59,23.59,high,low,7,namesilo,,,04/09/2026 16:22
8ba5566d-67c8-42ed-b871-4505caa61562,mouthfeel.cricket,available,31.98,,high,low,10,namecheap,,,
31da2bf0-d0f2-4114-9cc4-ebefe8de6ec7,kelvin.cricket,premium,437.5,62.5,high,low,6,name.com,,,22/08/2026 15:02
7b2522e8-57b9-4ebb-b984-ca93a939cbf6,pushful.cricket,available,23.59,23.59,high,medium,7,namesilo,,,09/09/2026 06:36
93fab25a-fd15-46b6-835f-35bed049d765,grassy.cricket,available,25.98,31.98,high,low,6,namecheap,,,20/08/2026 18:20
17829869-358a-4868-8e49-fc38794277f6,whichever.cricket,available,23.59,23.59,medium,low,9,namesilo,,,
a061628d-cf2a-4bda-9f7c-8d18eb9face8,phil.cricket,premium,437.5,,high,medium,4,name.com,,,
58be206d-6480-4d79-ba4d-3a601af27216,tenderly.cricket,premium,448,53.92,high,low,8,namesilo,,,16/09/2026 08:17
36911f42-429f-48a8-8b6e-66c3befdbbd8,askant.cricket,available,23.59,23.59,medium,low,6,namesilo,,,07/08/2026 03:05
bebe80e7-0ab0-4ccc-8533-3d4b48861008,sooty.cricket,available,23.59,23.59,medium,low,5,namesilo,,,12/08/2026 13:47
5dea25d3-8db4-464b-865e-2d3cd0539cf9,mobiles.cricket,available,25.98,31.98,medium,low,7,namecheap,,,20/09/2026 08:45
5f030356-b6a1-4bb6-a0bf-2e6382123dd8,nominee.cricket,available,23.59,23.59,high,low,7,namesilo,,,
53a521b7-2aed-4333-9426-11e40542b366,separable.cricket,available,23.59,23.59,medium,low,9,namesilo,,,14/08/2026 12:50
8ed64a35-6af8-4a6e-a14e-12f22ba7532a,otherwise.cricket,premium,448,53.92,high,low,9,namesilo,,,26/09/2026 00:41
84885a7e-0e76-411e-9782-9bc596226bf0,copesetic.cricket,available,23.59,23.59,medium,low,9,namesilo,,,13/08/2026 00:22
c3095789-d0a5-45aa-9183-0528a2adf5a2,untainted.cricket,available,25.98,31.98,medium,low,9,namecheap,,,10/09/2026 18:22
9c3ad9f1-d196-4ce8-a56e-c57b0e9866e7,gratis.cricket,premium,437.5,62.5,high,low,6,name.com,,,20/08/2026 18:35
8df5b179-9806-4066-ae8f-16943e535d78,plutonian.cricket,available,25.98,31.98,medium,low,9,namecheap,,,20/08/2026 21:34
191cb574-ef5f-48aa-b801-188f2558bb0c,longroot.cricket,available,23.59,23.59,medium,low,8,namesilo,,,20/09/2026 03:40
46ba86ba-c16d-4298-9a61-328373c49c97,sony.cricket,available,23.59,23.59,high,medium,4,namesilo,,,
6fc516a7-4084-428a-84cc-c2357a134265,drunkard.cricket,available,25.98,31.98,medium,low,8,namecheap,,,14/08/2026 20:21
e8289f56-3155-4a4d-8013-d5b8733fe999,balbriggan.cricket,available,25.98,31.98,medium,low,10,namecheap,,,21/09/2026 21:25
69aeeff7-7f6c-4301-b2b6-74f525a28b70,dominant.cricket,premium,437.5,62.5,high,low,8,name.com,,,14/08/2026 15:41
6c8d404b-b657-4db1-9575-c2d2a8aae91d,connatural.cricket,available,23.59,23.59,medium,low,10,namesilo,,,12/08/2026 22:18
8b44a344-ffb3-4206-8cd8-5c2bd4bea133,ambient.cricket,premium,437.5,62.5,high,low,7,name.com,,,
8a1f3480-b9eb-4bdc-938a-6425d8cce9e0,sparsely.cricket,available,23.59,23.59,medium,low,8,namesilo,,,16/09/2026 05:55
953fbd28-3195-4c31-b4ab-33d198ca12b1,incorrupt.cricket,available,23.59,23.59,high,low,9,namesilo,,,22/08/2026 02:01
31b9817b-d3ab-4f52-8fcb-b8d71655079e,player.cricket,premium,13800,116,high,low,6,namesilo,,,23/09/2026 07:45
5a03706b-c5ce-4098-8fe6-56000fdbdc73,skintight.cricket,premium,448,53.92,medium,low,9,namesilo,,,10/09/2026 09:40
d8d78add-a6ac-4134-8883-5ff8594d8339,hatred.cricket,premium,437.5,,medium,low,6,name.com,,,
1b3ac99a-9d21-4480-b68b-7cf7287583fa,rats.cricket,premium,437.5,,high,low,4,name.com,,,
7a9c8063-c9ef-4345-ba82-e5144e11df8b,visually.cricket,premium,448,53.92,high,low,8,namesilo,,,16/09/2026 11:04
0ecfbf79-c9e2-47af-8e43-e3bedba0bbec,dourly.cricket,available,23.59,23.59,low,low,6,namesilo,,,14/09/2026 13:56
1092fe2d-7045-4c99-84c1-84646d273482,soissons.cricket,premium,448,53.92,medium,low,8,namesilo,,,22/09/2026 15:58
22ba0af2-904e-44f0-b6a8-fd9de7b12a89,postnatal.cricket,available,23.59,23.59,medium,low,9,namesilo,,,09/09/2026 00:35
4dd527cc-f4cc-4980-9c6b-2f8651c38579,resolutely.cricket,available,23.59,23.59,medium,low,10,namesilo,,,14/09/2026 11:12
0efcdd0d-9628-4941-aafb-647e3d07f209,redden.cricket,available,23.59,23.59,medium,low,6,namesilo,,,13/08/2026 06:34
d924e42b-5e7f-449a-9c67-92832733f9e7,measurable.cricket,available,25.98,31.98,high,low,10,namecheap,,,24/08/2026 18:27
93bcc981-ddb7-4e2d-a22a-9bf58c8ffdfb,resupine.cricket,available,23.59,23.59,medium,low,8,namesilo,,,09/09/2026 15:30
9485a46a-8055-4c8b-883a-00b4db132398,verbs.cricket,available,23.59,23.59,medium,low,5,namesilo,,,
b0354629-ec43-4f46-8a85-abefa08a2cc2,apar.cricket,available,23.59,23.59,medium,low,4,namesilo,,,19/09/2026 16:14
5ec824a4-ac6d-4107-ab5a-f3b235c5b3ab,sweetish.cricket,available,23.59,23.59,high,low,8,namesilo,,,11/09/2026 05:36
af632c55-2f98-4169-b827-7ac5975c6c7b,doctor.cricket,premium,1107,116,high,low,6,namesilo,,,
3131b3a2-17ed-4139-a003-7d03e7eddc6b,oily.cricket,available,23.59,23.59,medium,low,4,namesilo,,,11/08/2026 11:42
9d157226-c7d0-41ec-aad6-05846f9d3325,arrests.cricket,available,25.98,31.98,medium,low,7,namecheap,,,20/09/2026 19:12
4bd1b497-bd18-4e76-ad92-9e3aed0ccbe6,beechnut.cricket,premium,448,53.92,medium,low,8,namesilo,,,23/09/2026 00:13
91613cd8-bed1-4716-b024-ff46b17be4fd,beaked.cricket,available,23.59,23.59,medium,low,6,namesilo,,,09/08/2026 03:50
1ccbf079-59c9-4ac2-8b5a-a670a3dd3026,deli.cricket,premium,455,65,high,low,4,namecheap,,,24/09/2026 21:37
2da06474-7c40-410e-9bbf-4872932c9c48,diplomatic.cricket,available,23.59,23.59,high,low,10,namesilo,,,24/09/2026 10:36
b0b63c4a-d41c-47df-b213-31d80f8db866,clergy.cricket,available,23.59,23.59,high,low,6,namesilo,,,
093d17b6-e65b-46b7-b552-99fb2664c95a,widespread.cricket,premium,455,65,high,low,10,namecheap,,,24/09/2026 16:57
f699a4c9-7096-4114-8491-22948a192b3b,impressed.cricket,available,23.59,23.59,high,low,9,namesilo,,,
f411de7e-0ea8-4edc-92fa-acfcc29e3f29,waive.cricket,available,23.59,23.59,high,low,5,namesilo,,,18/08/2026 11:49
77e57342-6e26-46ca-92d7-a8497f34429a,batting.cricket,premium,3450,116,high,low,7,namesilo,,,22/09/2026 14:25
84f788d8-b16d-42f2-a083-45782779c9ce,timer.cricket,premium,437.5,,high,low,5,name.com,,,
4d399249-0b8b-4a6d-89a3-15b6a63b9796,arabist.cricket,available,23.59,23.59,medium,low,7,namesilo,,,19/09/2026 23:35
81e0c029-82d0-4444-a2f6-ba8a1c8fd40a,lipoma.cricket,available,23.59,23.59,medium,low,6,namesilo,,,17/09/2026 08:18
0da051b8-d842-47e4-9255-f9d4a068f99d,claptrap.cricket,available,23.59,23.59,medium,low,8,namesilo,,,24/09/2026 03:39
d50fa2c1-03eb-4c6c-b8e2-7148436b48ae,instagrammable.cricket,available,23.59,23.59,medium,low,14,namesilo,,,
f164564c-9c80-4647-9461-30d3196c2547,vales.cricket,available,23.59,23.59,medium,low,5,namesilo,,,21/09/2026 02:12
d122efd1-3151-4a0e-b7f5-ccc93206911b,ebionite.cricket,available,23.59,23.59,medium,low,8,namesilo,,,14/08/2026 23:04
09d261dd-f5ec-440d-92c6-098cfdd0550f,slowest.cricket,premium,1107,116,medium,low,7,namesilo,,,16/09/2026 02:44
8ccc9d2f-9086-4e63-a4ed-3191fb1d5adf,related.cricket,premium,455,65,high,low,7,namecheap,,,19/09/2026 12:07
6faf762f-4f10-4a8c-a77e-914d2fdcf055,sinclair.cricket,premium,455,65,high,low,8,namecheap,,,25/09/2026 04:16
db48a116-aee1-4332-83d4-e51bbc09db80,chu.cricket,premium,448,53.92,medium,low,3,namesilo,,,25/09/2026 12:27
5a1fb281-051b-4ca0-b955-ae7640856885,bawl.cricket,available,23.59,23.59,medium,low,4,namesilo,,,23/09/2026 06:25
fb194599-6405-424a-8ed3-270e2842e967,tutu.cricket,premium,448,53.92,high,low,4,namesilo,,,21/09/2026 22:53
6cb4fa2d-924a-460d-bb1d-d1e24a87cc94,positional.cricket,available,23.59,23.59,high,low,10,namesilo,,,09/09/2026 00:06
38070203-790f-4fbe-a918-3bbbd6f38219,hardheaded.cricket,available,23.59,23.59,medium,low,10,namesilo,,,21/08/2026 00:26
8760d59a-d8be-4d91-874b-c7a9138c8990,patient.cricket,available,23.59,23.59,high,low,7,namesilo,,,
c8feb613-57dd-42e6-95ed-08360e106b8b,poulet.cricket,available,23.59,23.59,high,low,6,namesilo,,,12/08/2026 04:55
9e47df6f-4e67-40f2-921f-15b8c3807b47,amorpha.cricket,available,23.59,23.59,medium,low,7,namesilo,,,18/09/2026 22:43
a3fbb357-547e-4401-87ea-abf7c0e0655a,ate.cricket,premium,437.5,,high,low,3,name.com,,,
6908fcad-75d2-49ec-9608-b44469aea50c,peerage.cricket,available,23.59,23.59,high,low,7,namesilo,,,22/09/2026 07:17
8ab4080f-789c-4f85-9ffc-2995eeca2df2,chaparral.cricket,premium,448,53.92,medium,low,9,namesilo,,,10/09/2026 00:21
a2f1551b-8695-4599-9f60-c0796129cc58,macrocosm.cricket,premium,448,53.92,high,low,9,namesilo,,,13/09/2026 13:17
9c7a880c-339f-4ef9-87fa-3d9248e5475b,sleek.cricket,premium,437.5,62.5,high,low,5,name.com,,,18/08/2026 09:13
ad04b131-ddd3-429e-b67d-a19066fc5366,bighead.cricket,premium,448,53.92,medium,low,7,namesilo,,,23/09/2026 15:09
aed61f8c-fecf-46c9-b8bb-3d47f56db84c,perverted.cricket,available,23.59,23.59,medium,low,9,namesilo,,,14/08/2026 02:36
ae63c36f-c548-4558-9f10-dde7bc210035,maunder.cricket,available,23.59,23.59,medium,low,7,namesilo,,,23/09/2026 23:31
26e10e5c-8dd1-48e7-9173-9400631c2c96,signed.cricket,available,23.59,23.59,high,low,6,namesilo,,,18/08/2026 22:58
2bfa992b-e516-4d63-8b5a-513d78e3a4ae,estates.cricket,premium,448,53.92,medium,low,7,namesilo,,,18/09/2026 06:36
2cd73ad8-1486-4876-a09d-a8977f451ba1,jonah.cricket,premium,448,53.92,high,low,5,namesilo,,,24/09/2026 06:55
9f414bf5-34f0-49ac-8ca5-bf199376f68d,birdcall.cricket,available,25.98,31.98,high,low,8,namecheap,,,23/09/2026 20:35
409474b5-5a8b-4127-ad8e-7580fcdc52b5,unbalanced.cricket,available,23.59,23.59,medium,low,10,namesilo,,,11/08/2026 01:50
4d57696d-9862-44a8-9995-e566dd08d7df,prentice.cricket,premium,448,53.92,medium,low,8,namesilo,,,19/09/2026 22:19
0f7594b7-7592-4665-8765-e3745981f15e,vomit.cricket,available,23.59,23.59,high,medium,5,namesilo,,,10/09/2026 07:32
560bd1e6-9791-49ce-995a-815e45af86de,wispy.cricket,premium,448,53.92,high,low,5,namesilo,,,13/09/2026 12:43
15cae20b-ed98-408e-88cc-c727892db112,hasty.cricket,premium,437.5,62.5,medium,low,5,name.com,,,21/08/2026 01:15
c5e7e33a-0823-43ed-8afd-c36227cc6d4c,bns.cricket,premium,455,65,high,low,3,namecheap,,,21/09/2026 14:15
8ae26ac1-0c25-4b77-9d30-eb6cb853065d,chairman.cricket,premium,437.5,,high,low,8,name.com,,,
8e56e692-8f66-4998-9088-a4956ff56972,folks.cricket,premium,448,53.92,high,low,5,namesilo,,,24/09/2026 16:34
12fb92ac-700a-4194-934a-34722dd48069,capped.cricket,available,25.98,31.98,high,low,6,namecheap,,,11/08/2026 18:02
3471e2f6-9d4b-4f02-8cc8-109f3060a872,winning.cricket,premium,6900,116,high,low,7,namesilo,,,24/09/2026 17:37
b9cb8d5e-3caf-4e7b-b04b-c0e6d6ea84b6,balky.cricket,available,23.59,23.59,medium,low,5,namesilo,,,08/08/2026 09:55
c1b318e0-cdb0-4a7f-9426-e83ec159547d,similitude.cricket,available,23.59,23.59,medium,low,10,namesilo,,,18/09/2026 07:51
56e0d229-b094-4079-8efa-185796609454,unstable.cricket,available,23.59,23.59,high,low,8,namesilo,,,18/08/2026 09:17
14668ee5-5aac-47f8-a7da-a167d5366020,emil.cricket,premium,448,53.92,high,low,4,namesilo,,,25/09/2026 15:33
412923f3-c1aa-407c-9d69-a0e422d86cae,armeria.cricket,available,23.59,23.59,medium,low,7,namesilo,,,20/09/2026 06:43
7e19f9d0-1c41-4bd1-b059-98901f07bb45,anemometer.cricket,available,23.59,23.59,medium,low,10,namesilo,,,19/09/2026 05:15
50ede6a2-7621-4048-bc7c-b616661dc640,uncaused.cricket,available,23.59,23.59,medium,low,8,namesilo,,,18/08/2026 12:45
1f8008ee-ac30-4045-9633-51ca59c1adc9,sourly.cricket,available,23.59,23.59,low,low,6,namesilo,,,16/09/2026 05:40
8f41d708-85c5-4ff2-ba0c-2f6d6b6cb257,journeyman.cricket,premium,437.5,,high,low,10,name.com,,,
bda0aabd-ca0b-48be-819a-ccdd53974377,unaltered.cricket,available,23.59,23.59,high,low,9,namesilo,,,12/09/2026 00:30
fa00e987-2ec2-4644-ac98-f4419934d460,acadia.cricket,premium,437.5,62.5,high,low,6,name.com,,,16/09/2026 20:28
0000b2fe-03c8-4f76-8005-c573d5934aa1,growing.cricket,premium,3450,116,high,low,7,namesilo,,,19/09/2026 05:23
e9a6b38f-d3d1-4759-b342-90d71aa4a15e,churl.cricket,available,23.59,23.59,medium,low,5,namesilo,,,13/08/2026 05:00
34018f86-a00f-45c4-86e4-2ec9d7f909bf,conjugal.cricket,premium,437.5,62.5,high,low,8,name.com,,,12/08/2026 22:07
acc04781-0d72-4a1b-bede-9aa76b0ed6d3,bacteria.cricket,available,23.59,23.59,high,low,8,namesilo,,,21/09/2026 16:28
fe4a4878-3972-4468-87e2-c5ceffafb040,discord.cricket,premium,437.5,,high,medium,7,name.com,,,
d3fe7a0f-39a1-441b-8150-07dd2056638a,garish.cricket,available,23.59,23.59,medium,low,6,namesilo,,,18/08/2026 06:35
bcc101b3-ef4e-4916-9244-0d34044863ee,vocalic.cricket,available,23.59,23.59,medium,low,7,namesilo,,,13/09/2026 06:26
e1c22d6b-4584-40b2-9c3e-898fb2010c18,fiction.cricket,premium,437.5,,high,low,7,name.com,,,
d9adb99d-6d70-4dbe-9740-63aa0f147dc1,storyteller.cricket,premium,437.5,,high,low,11,name.com,,,
3dcd1a1b-c3f3-44da-a31e-98a4cdc2d8e8,spark.cricket,premium,455,65,high,medium,5,namecheap,,,20/09/2026 01:07
500581a1-d450-43f4-a13f-cb6057c67278,unfit.cricket,premium,448,53.92,medium,low,5,namesilo,,,12/09/2026 10:23
0de2d1f8-3271-4b76-8c72-4b0b2fd25a9a,kilogramme.cricket,available,31.98,,high,low,10,namecheap,,,
67fa28fb-e2b9-4160-b1a4-6d762e5aa2d1,impulse.cricket,premium,437.5,,high,low,7,name.com,,,
99a65ead-7f3f-4fee-8805-212ff4d52163,concern.cricket,premium,437.5,,high,low,7,name.com,,,
b020b802-23df-4aa7-9447-b11b0c8b90e2,apodemus.cricket,available,25.98,31.98,medium,low,8,namecheap,,,19/09/2026 18:19
a9ea8816-02b9-4704-bef3-d9a8ef3fb77f,tensile.cricket,premium,448,53.92,medium,low,7,namesilo,,,11/09/2026 11:30
e898c3fe-9576-4115-bb08-5920bdc5c27a,neuronal.cricket,available,23.59,23.59,medium,low,8,namesilo,,,03/09/2026 16:20
405fd807-cb6b-4774-96ec-bcbad54183b1,bethe.cricket,available,23.59,23.59,high,low,5,namesilo,,,23/09/2026 11:12
4b312f2e-4594-4e04-8970-169489101b8d,joey.cricket,premium,448,53.92,high,low,4,namesilo,,,25/09/2026 11:16
67b56734-d7f0-4c3e-930d-e3693b770118,omit.cricket,premium,437.5,,high,low,4,name.com,,,
bf084c3d-5c49-465e-9067-69ca432c1bdd,archaic.cricket,premium,437.5,62.5,high,low,7,name.com,,,
8226ff9c-2301-48f2-a969-9d0a78a4b645,centralised.cricket,available,23.59,23.59,high,low,11,namesilo,,,
6fd6c2e9-31b9-449e-bdd8-885b7c336c20,stephanie.cricket,premium,448,53.92,high,low,9,namesilo,,,25/09/2026 14:12
10dd30df-540e-4a3b-894c-9b682eb5eb75,starvation.cricket,available,25.98,31.98,medium,low,10,namecheap,,,10/09/2026 19:06
411e2342-0f94-471c-8807-d38f2bf2dca6,berk.cricket,available,23.59,23.59,medium,low,4,namesilo,,,23/09/2026 09:31
bbb451a1-567d-42ce-be2b-d5cb8d24575e,pitfall.cricket,premium,437.5,,high,low,7,name.com,,,
d8909079-66be-44f6-83bc-bb7925dac3a2,plaguey.cricket,available,,,medium,low,7,,,,
e0e656ce-cec1-4453-bf9c-08df498f14f4,aesir.cricket,available,23.59,23.59,medium,low,5,namesilo,,,17/09/2026 13:23
34fdf46e-8a8b-4482-9487-a272a4a498d1,pseudo.cricket,premium,448,53.92,high,low,6,namesilo,,,09/09/2026 04:56
4218fd34-14a4-43d3-a509-8a7e264a229d,commonsense.cricket,premium,437.5,,high,low,12,name.com,,,
5fd6dd78-3f60-4bf9-99fc-21c610e77566,emboss.cricket,premium,437.5,62.5,high,low,6,name.com,,,10/08/2026 20:42
45c2670e-a63c-40c1-888f-a615583f1561,bounded.cricket,available,23.59,23.59,high,low,7,namesilo,,,10/08/2026 21:52
f9805d4a-9a37-4930-9b35-57a6629ab2f8,dear.cricket,premium,437.5,62.5,high,low,4,name.com,,,22/09/2026 19:24
121ef04e-7ffe-4a3b-ae27-ace693e6195c,fulgurant.cricket,available,34.99,37.99,medium,low,9,name.com,,,13/08/2026 18:59
73273f0c-7412-42be-b0e8-e7e1d99bee71,pseudonym.cricket,available,25.98,31.98,high,low,9,namecheap,,,19/09/2026 11:33
b2917154-e60f-467a-8f64-3b8bbbb0b4fc,shakespeare.cricket,premium,437.5,,high,low,11,name.com,,,
6a62e989-668f-4cc6-a92c-4fd551240fa1,revenues.cricket,available,23.59,23.59,medium,low,8,namesilo,,,25/09/2026 09:02
44225c06-2a9b-4ac9-80c5-7d6b45c7fe42,davidson.cricket,premium,455,65,high,low,8,namecheap,,,25/09/2026 15:02
c051d636-39f3-4307-9e8b-e488345e9bbb,sombre.cricket,available,23.59,23.59,medium,low,6,namesilo,,,10/09/2026 14:02
836cf21b-450b-428f-8700-9d1ddfd4c82b,expansive.cricket,available,25.98,31.98,high,low,9,namecheap,,,17/08/2026 18:00
23ce042a-db04-4c7a-9360-0b191e42ffb2,prepaid.cricket,available,23.59,23.59,high,low,7,namesilo,,,09/09/2026 00:39
72d9f248-2e53-4321-9338-8a1fb1d619ac,bordello.cricket,premium,455,65,medium,low,8,namecheap,,,21/09/2026 18:17
f62e51e9-973d-42fd-b1e2-cbf0dbefe13c,board.cricket,available,23.59,23.59,high,low,5,namesilo,,,
6b81891f-434b-4c43-8482-2654c0ab3ead,sea.cricket,premium,437.5,,high,low,3,name.com,,,
c47434fc-62f9-488f-8f90-d7017dd99183,fugly.cricket,premium,437.5,62.5,medium,low,5,name.com,,,18/08/2026 17:49
9c5bfb28-36cb-41d5-a6e7-bc0e79d26260,thanksgiving.cricket,premium,448,53.92,high,low,12,namesilo,,,16/09/2026 10:18
073d0ef6-3eb5-4067-b275-e74062face6b,unbuttoned.cricket,premium,448,53.92,medium,low,10,namesilo,,,12/09/2026 04:42
fa23234f-73f2-4090-82a0-345d5fc692a3,actaea.cricket,available,23.59,23.59,medium,low,6,namesilo,,,17/09/2026 04:11
9a12ebb7-b3bb-4b1c-ae94-8724c8b2db8a,prosily.cricket,available,25.98,31.98,low,low,7,namecheap,,,15/09/2026 21:46
4e777258-0e51-413f-88f9-cfd90cab0e0e,antinomy.cricket,available,23.59,23.59,medium,low,8,namesilo,,,19/09/2026 14:49
c16341d2-bff4-48e8-a574-eed05f3ea428,aalii.cricket,available,23.59,23.59,medium,low,5,namesilo,,,16/09/2026 13:12
4656c46b-4e2b-49ae-af4d-a3e9ff750d7e,numerable.cricket,available,23.59,23.59,medium,low,9,namesilo,,,13/08/2026 03:32
f6efab73-f009-47b9-9b4e-b012b10de31c,letting.cricket,available,23.59,23.59,high,low,7,namesilo,,,09/09/2026 14:21
786a930e-2fa1-4cb0-8dd4-9a6a901488af,craggy.cricket,available,23.59,23.59,high,low,6,namesilo,,,13/08/2026 04:44
04810f7b-b898-47b5-a51f-916ed2c16da2,decolour.cricket,available,23.59,23.59,medium,low,8,namesilo,,,24/09/2026 05:11
4aabb75c-ce47-4547-bf97-b207e49755b4,striation.cricket,available,23.59,23.59,medium,low,9,namesilo,,,22/09/2026 01:19
a42d1b68-2a0d-4323-9e48-ea9a2bb989c4,lived.cricket,available,25.98,31.98,high,low,5,namecheap,,,25/09/2026 20:09
a4d45bd7-8d32-4f47-83e5-90b1df83e23d,reliably.cricket,available,23.59,23.59,high,low,8,namesilo,,,14/09/2026 11:46
5e458d66-3ee3-4292-9733-700a2e5e3ef0,alchemical.cricket,available,23.59,23.59,medium,low,10,namesilo,,,
0573a337-c70e-48dd-b4a7-36578136ef07,flutter.cricket,premium,437.5,62.5,high,low,7,name.com,,,18/08/2026 07:48
5a783b83-9c71-421e-8176-fdd692f377a0,fusty.cricket,available,23.59,23.59,low,low,5,namesilo,,,18/08/2026 16:42
da63519f-89ec-43bf-9d37-dac74e7c5724,banquette.cricket,available,25.98,31.98,medium,low,9,namecheap,,,22/09/2026 03:08
5646e50c-ab9f-4d4e-9729-cd9f6de23fe1,opera.cricket,premium,437.5,62.5,high,low,5,name.com,,,25/09/2026 02:37
34d07cde-00ca-4909-bc20-63e4aceaf0c9,halal.cricket,available,23.59,23.59,high,low,5,namesilo,,,20/08/2026 22:18
07538b66-006f-493c-b80c-dcfab5e78b24,instruments.cricket,premium,448,53.92,high,low,11,namesilo,,,25/09/2026 16:57
315353b4-14b1-4928-941b-8f0a2257df99,jammed.cricket,available,23.59,23.59,medium,low,6,namesilo,,,22/08/2026 12:07
678b155e-ea98-4dbb-83c0-8ec822753e04,innate.cricket,premium,437.5,62.5,high,low,6,name.com,,,12/08/2026 21:44
dc9a6ced-a746-402b-9521-58827938bca5,goat.cricket,premium,437.5,,high,medium,4,name.com,,,
3f5dd6ba-ad97-4ecf-80ef-2e0954fc2d70,unwilling.cricket,available,23.59,23.59,medium,low,9,namesilo,,,12/09/2026 22:40
74700963-85e0-4968-8a4c-ec6594e1ad5b,basinet.cricket,available,23.59,23.59,medium,low,7,namesilo,,,22/09/2026 10:57
124b157a-3909-41dc-bab7-0b9da6b675f0,affirmation.cricket,available,23.59,23.59,high,low,11,namesilo,,,16/09/2026 08:52
32c52b71-cf9e-4dd6-8109-d5f53a5281ca,beforehand.cricket,available,23.59,23.59,high,low,10,namesilo,,,09/08/2026 08:51
fcc1b83f-f020-4af5-9bb7-36792d9c807d,perturbed.cricket,available,23.59,23.59,medium,low,9,namesilo,,,18/08/2026 09:31
c1dc194a-c7f7-46d0-83d1-4c6c91bb5b0a,blackcock.cricket,available,23.59,23.59,medium,low,9,namesilo,,,24/09/2026 00:30
96231b03-c2c7-4ec4-8604-5ce429e5ca5d,starving.cricket,available,25.98,31.98,medium,low,8,namecheap,,,10/09/2026 19:04
fa262afb-f90c-472d-b03d-c11fece266ca,roofs.cricket,available,23.59,23.59,medium,low,5,namesilo,,,
9719c373-4e0c-4cd7-83d4-dd37c932fd84,liable.cricket,available,23.59,23.59,high,low,6,namesilo,,,
34d1f3b5-5e20-49a7-bb33-d7f883537e84,investors.cricket,available,23.59,23.59,high,low,9,namesilo,,,
c4816dce-ab8c-4794-8cab-44d10013b02d,twine.cricket,premium,437.5,,medium,low,5,name.com,,,
3662a754-10af-4a5a-8bc9-c9eff653f6ac,hire.cricket,premium,448,53.92,high,low,4,namesilo,,,24/09/2026 13:49
094734fb-949c-4f6b-bf3c-6e9a51657c3b,rimbaud.cricket,available,25.98,31.98,high,low,7,namecheap,,,20/09/2026 11:03
97796cdb-91ea-4a75-8d41-8b97cc2b696b,aeration.cricket,premium,448,53.92,medium,low,8,namesilo,,,17/09/2026 12:46
c754f7ae-81f5-49c8-9b12-bb36704219d6,hum.cricket,premium,437.5,,high,low,3,name.com,,,
f82a672e-209d-43c4-8b0e-be1b0d721da3,northern.cricket,available,23.59,23.59,high,low,8,namesilo,,,25/09/2026 23:11
099d4989-9593-4921-867d-3a0b095ed84e,greyed.cricket,available,25.98,31.98,medium,low,6,namecheap,,,20/08/2026 20:04
90de7814-716e-46a2-aad6-fb1842db0338,heralded.cricket,available,23.59,23.59,medium,low,8,namesilo,,,21/08/2026 06:51
df7f0d30-43e2-4cfc-90d1-e7337210efc7,youngster.cricket,premium,448,53.92,high,low,9,namesilo,,,25/08/2026 00:01
f68d289e-3bf4-4ccf-ba6b-94ff0069371e,lorraine.cricket,premium,448,53.92,high,low,8,namesilo,,,25/09/2026 09:09
101f306f-e9dc-4559-a39c-0f5d36fd42c0,vagrant.cricket,premium,437.5,62.5,high,low,7,name.com,,,14/08/2026 19:18
4edbd2da-8b26-4e55-817f-e7e09f02ab87,planetal.cricket,available,25.98,31.98,medium,low,8,namecheap,,,08/09/2026 20:42
929fc05d-e3ed-4b6a-8b2d-f0ee583be5f2,physic.cricket,available,23.59,23.59,high,low,6,namesilo,,,05/08/2026 22:25
b25ea4f1-61c5-4b48-a66d-919de595b8cc,responsible.cricket,premium,448,53.92,high,low,11,namesilo,,,25/09/2026 11:15
06a6c02a-867a-438d-80f2-efdba2d50f1e,hub.cricket,premium,12500,,high,medium,3,name.com,,,
7060abeb-7af0-4006-90db-b4e8bca8aba6,renascent.cricket,available,23.59,23.59,high,low,9,namesilo,,,09/09/2026 13:55
5668d84f-2aa7-42c0-8702-07fc1a8da5dd,dentist.cricket,available,23.59,23.59,high,low,7,namesilo,,,
849be173-98d7-47cc-904d-9d4423efc4ab,entirety.cricket,premium,437.5,,high,low,8,name.com,,,
8826373c-d6a2-4542-8ca4-44b165e730af,moves.cricket,premium,455,65,high,low,5,namecheap,,,25/09/2026 21:00
bb8ec326-ef51-4488-a376-3d95d52b829b,overjoy.cricket,available,23.59,23.59,high,low,7,namesilo,,,
918c00e9-ee0e-4ae5-a287-2101b5f717b1,beamish.cricket,premium,437.5,62.5,medium,low,7,name.com,,,09/08/2026 04:08
2f8b1b07-8e71-464e-a30d-b12cec8eafe0,sabbatic.cricket,available,23.59,23.59,high,low,8,namesilo,,,09/09/2026 20:32
04e77065-df61-43b6-ac06-4c09380714fc,multiplication.cricket,premium,437.5,,medium,low,14,name.com,,,
a1b7f8b3-f5cb-4b38-bfd2-849d7d3719b0,witch.cricket,premium,437.5,62.5,high,low,5,name.com,,,21/08/2026 07:44
c939b8ab-d0f2-4187-bd7c-6c3b9c327d63,limpid.cricket,available,23.59,23.59,high,low,6,namesilo,,,13/08/2026 09:41
c21465f0-974e-4c35-8406-6faefec3f22b,lopez.cricket,premium,448,53.92,high,low,5,namesilo,,,25/09/2026 12:44
1b3629a2-4439-4dbb-9a98-19a744ed1f0d,refunds.cricket,available,23.59,23.59,medium,low,7,namesilo,,,20/09/2026 14:13
d7ef1257-183a-4d95-ae41-5dcaaf182743,belfry.cricket,available,23.59,23.59,high,low,6,namesilo,,,23/09/2026 04:56
e5d1ab89-e646-4853-8b7c-4627c472a50d,breaker.cricket,premium,448,53.92,high,low,7,namesilo,,,24/09/2026 08:24
50542988-b420-4020-a7e3-38e89367b176,uncreative.cricket,available,23.59,23.59,medium,low,10,namesilo,,,12/09/2026 06:24
3479d4ea-baeb-43e6-bda3-ed8ed25ccc90,procedures.cricket,available,23.59,23.59,medium,low,10,namesilo,,,18/09/2026 17:33
4a92f08c-ab32-4163-86bf-ee5df2160f70,erogenous.cricket,available,23.59,23.59,medium,low,9,namesilo,,,17/08/2026 12:28
62f33473-e18c-444e-89b0-cb1fcedf6f18,elderberry.cricket,premium,448,53.92,high,low,10,namesilo,,,24/09/2026 00:39
3f5213d1-e8f8-4d0b-9138-b7f15615d90f,weeks.cricket,premium,437.5,,medium,low,5,name.com,,,
31dcb1f0-d58e-4f21-b208-8c476766f9dd,initiate.cricket,premium,437.5,62.5,high,low,8,name.com,,,17/08/2026 09:35
c3c94b86-ed54-48a1-bde2-0a9591fc7593,unnatural.cricket,premium,437.5,62.5,medium,low,9,name.com,,,
e2453249-d75a-46f7-8dde-284099c43081,galaxy.cricket,premium,625,,high,medium,6,name.com,,,
1213962c-ea7b-40de-a9c9-e00665b10d71,quickly.cricket,available,23.59,23.59,high,low,7,namesilo,,,
bd1dd997-7f49-40e5-8c7f-9896b62442fd,fist.cricket,premium,437.5,,high,low,4,name.com,,,
cc129200-a7c2-42fd-9f00-24e658bc7496,anastrophe.cricket,available,23.59,23.59,medium,low,10,namesilo,,,19/09/2026 03:23
4b13c76c-2500-455d-aaf7-23c49fdbc99e,practiced.cricket,available,23.59,23.59,high,low,9,namesilo,,,21/09/2026 17:21
b050b7a3-ed4f-4bcf-be9d-2074a43be3f6,leisurely.cricket,available,23.59,23.59,high,low,9,namesilo,,,14/08/2026 23:02
003805ca-c8c3-4ed0-b31a-550030bc9c73,refrigerator.cricket,available,23.59,23.59,high,low,12,namesilo,,,
f3b095fb-031e-42e1-add4-cd606f920ba0,mammoth.cricket,premium,437.5,62.5,high,low,7,name.com,,,18/08/2026 23:30
fc989bc3-1ccb-4429-a12d-f4d0b076e7e0,blossoming.cricket,available,23.59,23.59,high,low,10,namesilo,,,18/08/2026 09:04
1e207834-6aa7-4e91-a386-7c9f448c6277,awning.cricket,available,25.98,31.98,high,low,6,namecheap,,,21/09/2026 10:12
09e3e43a-b26b-4912-9444-10d0b4206c81,decoders.cricket,available,23.59,23.59,medium,low,8,namesilo,,,20/09/2026 07:41
468ff7ef-b692-4371-9d8b-a6a673a1880d,monarch.cricket,premium,448,53.92,high,medium,7,namesilo,,,10/09/2026 14:59
57bf410d-1252-4a03-8b91-8208746128ae,observable.cricket,available,23.59,23.59,high,low,10,namesilo,,,03/09/2026 23:59
00b71044-7dbe-4d99-ba78-cf543a243558,beatniks.cricket,available,25.98,31.98,high,low,8,namecheap,,,22/09/2026 21:34
9e4b1fa4-f906-4157-9dd7-d22369b0ba39,what.cricket,premium,437.5,,high,low,4,name.com,,,
b09c5127-4874-4cd9-89e1-ae5e7120b1e2,maxilla.cricket,premium,437.5,62.5,medium,low,7,name.com,,,24/08/2026 17:52
1663d886-533f-4c1d-aa55-15cde5ad717d,royal.cricket,premium,6500,130,high,high,5,namecheap,,,09/09/2026 12:48
4530eeaa-1b64-4401-a06f-fbdc19addb49,exercise.cricket,available,23.59,23.59,high,low,8,namesilo,,,19/09/2026 09:45
90982118-c589-4c60-b275-a48ae5bd3657,remembered.cricket,available,23.59,23.59,high,low,10,namesilo,,,17/09/2026 12:04
22e92d35-4f20-4757-93c6-5ce0ca3d5810,foolhardy.cricket,available,23.59,23.59,high,low,9,namesilo,,,18/08/2026 10:28
6f38724b-26da-4d25-b0b5-7143473c565f,relies.cricket,available,23.59,23.59,medium,low,6,namesilo,,,20/09/2026 06:27
fd9ab3a8-309d-4d42-9bdf-ef2f88d4aeab,humongous.cricket,premium,437.5,62.5,medium,low,9,name.com,,,08/08/2026 12:58
9055f873-94bb-4c4e-b099-70a92ba165d3,parks.cricket,premium,1107,116,high,low,5,namesilo,,,
b1729341-6f93-44ad-af27-b55c204655a4,velocity.cricket,premium,437.5,,high,low,8,name.com,,,
2f3332f0-1a94-453a-86ed-c1b4230a4a99,bear.cricket,premium,437.5,,high,low,4,name.com,,,
5ffeeaa6-a66e-4e7c-8673-83a101688bc9,cherimoya.cricket,available,23.59,23.59,medium,low,9,namesilo,,,19/09/2026 10:32
2d0ff0d5-6cc1-4ab2-a62d-195f9de0aa1c,fitting.cricket,available,23.59,23.59,high,low,7,namesilo,,,18/08/2026 05:50
b089a062-b739-4d56-919b-b771105bb638,need.cricket,premium,1107,116,high,low,4,namesilo,,,25/09/2026 21:55
ebbeedba-b7a4-4685-aa55-fe59079c594b,grad.cricket,premium,437.5,62.5,high,low,4,name.com,,,20/08/2026 17:53
ef40ca5e-f80a-4211-a26b-fce27168d09b,synchronise.cricket,available,23.59,23.59,high,low,11,namesilo,,,
59e34608-6f2c-4e04-a749-24d3ea90e74c,lovely.cricket,premium,1300,130,high,low,6,namecheap,,,21/09/2026 19:31
da14bcfe-76f4-4dd0-bb59-0927539aa3cd,belated.cricket,available,23.59,23.59,medium,low,7,namesilo,,,09/08/2026 12:37
6631d2a0-a6c9-4dc7-8865-ae148223acba,bayat.cricket,available,25.98,31.98,medium,low,5,namecheap,,,22/09/2026 17:57
ea945cf8-3047-4b3d-a240-f5c010df9536,james.cricket,premium,437.5,,high,medium,5,name.com,,,
1be34e2a-1399-4ee9-b182-26001c0a19d2,pineal.cricket,available,23.59,23.59,high,medium,6,namesilo,,,08/09/2026 19:44
73ea9c82-f4c6-4fa0-b2fb-4bd2082abdb6,laptop.cricket,premium,437.5,,high,low,6,name.com,,,
f5d8fdd1-e2c9-47e9-bc6c-f4ec2536c77e,parody.cricket,premium,448,53.92,high,low,6,namesilo,,,23/09/2026 11:34
7a731142-d5c0-4ea4-a919-d90df43ca209,secondhand.cricket,available,23.59,23.59,high,low,10,namesilo,,,10/09/2026 01:09
90a8e852-67fb-439a-a8e1-f5aa9c178926,stative.cricket,available,25.98,31.98,medium,low,7,namecheap,,,10/09/2026 19:14
9535be0e-e394-484c-8b4f-cf560e28ccf3,babirusa.cricket,available,25.98,31.98,medium,low,8,namecheap,,,21/09/2026 12:44
79d27c3c-71d5-46db-aca1-badeafec5f55,unmixed.cricket,available,23.59,23.59,medium,low,7,namesilo,,,12/09/2026 06:02
7a50ea10-9558-4d3f-a014-d245a23cf370,unseeable.cricket,available,23.59,23.59,medium,low,9,namesilo,,,22/08/2026 09:08
eab449a0-986a-4da4-92d7-181ca94d7f07,mao.cricket,premium,437.5,,high,low,3,name.com,,,
36614b0d-10a5-4ce2-8f6f-e1c71fce94d7,jeff.cricket,premium,448,53.92,high,medium,4,namesilo,,,25/09/2026 12:34
2e24c92a-7725-458b-8634-f488b0bcb73a,fluvial.cricket,available,23.59,23.59,medium,low,7,namesilo,,,18/08/2026 09:35
19a90921-b499-487f-926b-a8654292bc6a,outlaw.cricket,premium,455,65,high,low,6,namecheap,,,24/09/2026 01:45
b9ce8ee0-d46b-4f95-b456-d716db43c89e,ardeb.cricket,available,25.98,31.98,medium,low,5,namecheap,,,20/09/2026 03:06
fb136ce2-1157-4129-8f92-6b528de6c952,dopy.cricket,available,23.59,23.59,medium,low,4,namesilo,,,14/08/2026 16:02
82b1e13a-807a-4a83-b945-ba3947806f48,demolition.cricket,premium,448,53.92,high,low,10,namesilo,,,24/09/2026 21:50
c0b0e90d-8930-4eac-b4dc-815631f85ee2,variably.cricket,available,23.59,23.59,medium,low,8,namesilo,,,16/09/2026 10:46
7e05ba39-e608-45ed-a78c-4bb68b53417c,friday.cricket,premium,448,53.92,high,low,6,namesilo,,,25/09/2026 06:11
0106ba31-d9e2-4211-9481-19a154df599d,striate.cricket,available,23.59,23.59,medium,low,7,namesilo,,,10/09/2026 22:36
97f02800-4308-4d2e-b548-edfeb4e438c1,nappy.cricket,premium,437.5,62.5,high,low,5,name.com,,,18/08/2026 16:10
2b114a86-79b5-4b47-9865-6dd6241f856a,taiwanese.cricket,available,23.59,23.59,high,low,9,namesilo,,,18/08/2026 12:14
ba598435-e603-4d0e-ada2-b82a4617a3ea,classroom.cricket,premium,437.5,,high,low,9,name.com,,,
c64cbb6b-c307-491f-a078-3eac11df4d16,redly.cricket,available,23.59,23.59,medium,low,5,namesilo,,,15/09/2026 22:51
67beb79e-481b-40aa-a623-66c972b4a194,though.cricket,available,23.59,23.59,medium,low,6,namesilo,,,16/09/2026 08:58
81f9d80f-2be7-4f22-b7fe-eaf8eb62e434,cope.cricket,premium,455,65,high,low,4,namecheap,,,24/09/2026 18:08
46aeeec0-bafc-4b29-b1c0-e4ada1908bc0,fitzgerald.cricket,premium,448,53.92,high,low,10,namesilo,,,25/09/2026 05:15
1ae076e2-4078-4f19-b533-22910a31b9d6,anthropic.cricket,available,,,high,high,9,,,,
49f14e0b-adb4-4c00-97d6-97fdead406d9,indexical.cricket,available,23.59,23.59,medium,low,9,namesilo,,,22/08/2026 02:53
34157ebc-1858-4562-ace4-255b8c2a2a95,modesty.cricket,available,31.98,,high,low,7,namecheap,,,
cb63b66a-bc9a-40d0-a1cc-1654c78cbbcb,nonwhite.cricket,available,34.99,37.99,medium,low,9,name.com,,,13/08/2026 18:06
5cc4ff2f-3ebd-4be9-bb72-f1648a6932c4,barcarole.cricket,premium,448,53.92,medium,low,9,namesilo,,,22/09/2026 05:06
d20c7bf4-0238-494e-96b9-8d778d5fb35e,corrected.cricket,available,23.59,23.59,high,low,9,namesilo,,,23/09/2026 23:45
fc3a6e2b-7a6b-4c0f-92de-9693719ea2e8,veracious.cricket,available,23.59,23.59,medium,low,9,namesilo,,,13/09/2026 02:19
cd7c1a43-3ad8-4d9c-ba66-c32ffccd63d0,ineptitude.cricket,available,23.59,23.59,medium,low,10,namesilo,,,21/09/2026 10:06
5d9b3112-9aad-4351-974c-1a03be95e642,deciphered.cricket,available,25.98,31.98,medium,low,10,namecheap,,,13/08/2026 21:34
5acfc096-a65b-4f69-af4e-b5935e004ae1,clipboards.cricket,available,34.99,37.99,medium,low,10,name.com,,,20/09/2026 11:59
570d6e80-26f0-48d4-8d6d-e7a548b546ba,cancun.cricket,premium,640,77.35,high,low,6,namesilo,,,24/09/2026 12:01
2ce25af5-2bd9-4846-a8ea-c1bce0131751,gee.cricket,premium,437.5,,high,low,3,name.com,,,
1e949252-ee06-4a4d-851f-9f0db1289949,sikh.cricket,available,23.59,23.59,high,medium,4,namesilo,,,10/09/2026 08:04
4e6116f8-c430-4511-8342-73efeeb3c6d8,agronomic.cricket,available,23.59,23.59,medium,low,9,namesilo,,,
038aeed7-cbb4-4cff-8b2c-47c3c91ef55e,scotch.cricket,available,23.59,23.59,high,low,6,namesilo,,,24/09/2026 21:59
7cc3bc8d-1bdf-4558-b9c9-3f433c346162,fadeout.cricket,premium,448,53.92,medium,low,7,namesilo,,,09/09/2026 11:18
7e2e1651-84c5-4945-bef6-8c26210e12bb,butch.cricket,premium,437.5,62.5,high,low,5,name.com,,,11/08/2026 11:29
a574f4e4-b8da-44c3-89df-b16daa022d9d,collegial.cricket,available,23.59,23.59,medium,low,9,namesilo,,,12/08/2026 17:06
d80c17fd-99b6-4f93-9c49-faf9fbede765,whimsy.cricket,premium,448,53.92,high,low,6,namesilo,,,20/09/2026 00:42
f2947b53-6170-4f95-ad3c-e4342c8114af,disjoined.cricket,available,23.59,23.59,medium,low,9,namesilo,,,14/08/2026 11:07
4caf2a21-b6d5-4c77-b7c3-c9ca7c444b6b,cantaloupe.cricket,premium,448,53.92,high,low,10,namesilo,,,24/09/2026 12:07
28d18f04-604d-4df1-9591-5042cc518bcb,lloyd.cricket,premium,448,53.92,high,low,5,namesilo,,,25/09/2026 06:57
fd5eabcb-29cf-460c-ad92-d3a447cad1ec,suchlike.cricket,available,23.59,23.59,medium,low,8,namesilo,,,11/09/2026 01:00
d4f9a5ab-9da7-4881-914f-e4ea56da74c3,disconnect.cricket,premium,437.5,,high,low,10,name.com,,,
5f8088bb-cb57-4209-b18c-fab0be60b7d0,hierarch.cricket,available,23.59,23.59,medium,low,8,namesilo,,,20/09/2026 02:30
b076094d-8b78-43ba-8f23-193d79a26bad,builder.cricket,premium,437.5,,high,low,7,name.com,,,
ce48d69a-5696-4b3d-bf46-0705ef2adadf,aave.cricket,available,23.59,23.59,medium,low,4,namesilo,,,16/09/2026 13:38
d25f9d21-545b-4dff-b959-4761ac3007ae,hulky.cricket,available,23.59,23.59,medium,low,5,namesilo,,,21/08/2026 14:48
904d8111-154e-4536-9d69-1abae8dfaa98,command.cricket,premium,448,53.92,high,low,7,namesilo,,,23/09/2026 13:28
b5a4efa7-263e-41ca-8da4-721cf20dea6a,ageing.cricket,available,25.98,31.98,high,low,6,namecheap,,,21/09/2026 22:43
3f14a6a1-4e03-4413-bf4d-ec163aa5c960,dreary.cricket,available,23.59,23.59,medium,low,6,namesilo,,,14/08/2026 11:47
ec60d6dc-4c47-4076-aff2-4938054826e5,raining.cricket,available,23.59,23.59,high,low,7,namesilo,,,19/09/2026 11:06
b9317915-46a4-4377-ac15-2e39cb3890d6,coupons.cricket,available,23.59,23.59,medium,low,7,namesilo,,,21/09/2026 07:55
d63f9a76-2d8b-4c5c-a45c-eeb6fa350509,dural.cricket,premium,437.5,62.5,medium,low,5,name.com,,,14/08/2026 21:30
c0491400-319b-4b5a-9b6e-a627d88c733a,agapanthus.cricket,available,23.59,23.59,medium,low,10,namesilo,,,17/09/2026 16:11
06002670-6abe-4981-bb88-4d97ce880549,kirk.cricket,premium,448,53.92,high,low,4,namesilo,,,25/09/2026 08:51
341ed719-a98b-4a16-8459-396bdd87d617,amebous.cricket,available,23.59,23.59,medium,low,7,namesilo,,,
ee5c28f6-c8de-4969-a860-814ffa7de003,courteous.cricket,available,25.98,31.98,high,low,9,namecheap,,,24/09/2026 00:40
24c52f97-38c0-49b0-b818-8519f788df2b,informs.cricket,premium,455,65,medium,low,7,namecheap,,,20/09/2026 13:37
c38d0264-410b-4e34-a42d-752ffd781e9d,arborist.cricket,available,25.98,31.98,medium,low,8,namecheap,,,20/09/2026 00:51
efff618d-70cc-4e8f-86c8-782e83eb82a5,hegelian.cricket,available,23.59,23.59,high,low,8,namesilo,,,21/08/2026 06:14
22ec2352-67ee-494d-9284-255dd19eebc6,telephone.cricket,available,23.59,23.59,high,low,9,namesilo,,,26/09/2026 00:02
479ecebc-2713-407e-80d5-02f962f698f5,planet.cricket,premium,13800,116,high,medium,6,namesilo,,,25/09/2026 23:31
5d9c3276-b918-4e02-97f2-4475ad3f4208,seaborgium.cricket,available,23.59,23.59,medium,low,10,namesilo,,,20/09/2026 22:06
ebfcd4c8-ab44-40ad-a156-45cad4351b25,reflections.cricket,available,23.59,23.59,medium,low,11,namesilo,,,18/09/2026 07:20
85098ac9-1fe2-4fdf-9085-f3148d463d7d,reasoning.cricket,premium,448,53.92,high,low,9,namesilo,,,09/09/2026 11:10
ecd4505d-8482-4958-9676-a91649edfe8d,anosmic.cricket,available,23.59,23.59,medium,low,7,namesilo,,,
7c39ed6d-7f5e-413a-bf61-2bdcd5de8a08,zippo.cricket,premium,448,53.92,high,low,5,namesilo,,,03/09/2026 22:45
747fb07a-c720-4c33-b1f5-2e86162cb2d2,insanely.cricket,available,23.59,23.59,medium,low,8,namesilo,,,14/09/2026 09:13
9df14d46-5aa0-4ee4-80da-f4f0a8dbcc46,abutilon.cricket,available,25.98,31.98,medium,low,8,namecheap,,,16/09/2026 19:21
b4300903-0270-47cf-a6c4-50e4b589476e,nutrient.cricket,premium,448,53.92,high,low,8,namesilo,,,08/09/2026 11:42
9cf61927-8c5c-4adb-a152-ba442c418184,heroin.cricket,premium,455,65,high,low,6,namecheap,,,24/09/2026 22:03
50feda50-3c7a-42cf-8449-0469d83e1c9b,wizard.cricket,premium,455,65,high,medium,6,namecheap,,,21/09/2026 18:11
631cc448-829b-42c6-afc9-6c6e57d049c6,broadway.cricket,premium,448,53.92,high,low,8,namesilo,,,24/09/2026 10:38
6eb1c317-cd45-4d67-b0bd-98576d0afb7a,uncaring.cricket,available,23.59,23.59,medium,low,8,namesilo,,,12/09/2026 00:02